_id,afluencia,a√±o,fecha,mes,meterId,source,vehiculos,vel_circulacion,vel_media
1_2024-01-01,4,2024,2024-01-01,1,1,1,7930,0,99.14583333333333
1_2024-01-02,4,2024,2024-01-02,1,1,1,11950,0,93.66666666666667
1_2024-01-03,0,2024,2024-01-03,1,1,1,12908,0,91.85416666666667
1_2024-01-04,4,2024,2024-01-04,1,1,1,10792,0,90.91666666666667
1_2024-01-05,4,2024,2024-01-05,1,1,1,11180,0,85.85416666666667
1_2024-01-06,4,2024,2024-01-06,1,1,1,10566,0,91.02083333333333
1_2024-01-07,4,2024,2024-01-07,1,1,1,12206,0,94.0625
1_2024-01-08,0,2024,2024-01-08,1,1,1,13356,0,88.83333333333333
1_2024-01-09,0,2024,2024-01-09,1,1,1,13738,0,90.70833333333333
1_2024-01-10,0,2024,2024-01-10,1,1,1,17706,0,88.53846153846153
1_2024-01-11,0,2024,2024-01-11,1,1,1,16106,0,90.12962962962963
1_2024-01-12,3,2024,2024-01-12,1,1,1,29274,0,90.24691358024691
1_2024-01-13,0,2024,2024-01-13,1,1,1,20161,0,92.80898876404494
1_2024-01-14,4,2024,2024-01-14,1,1,1,11758,0,97.10416666666667
1_2024-01-15,0,2024,2024-01-15,1,1,1,13816,0,88.89583333333333
1_2024-01-16,4,2024,2024-01-16,1,1,1,9846,0,88.625
1_2024-01-17,0,2024,2024-01-17,1,1,1,15406,0,89.14583333333333
1_2024-01-18,0,2024,2024-01-18,1,1,1,14607,0,87.18947368421053
1_2024-01-19,4,2024,2024-01-19,1,1,1,8002,3,83.77319587628865
1_2024-01-20,2,2024,2024-01-20,1,1,1,3488,0,86.47222222222223
1_2024-01-21,4,2024,2024-01-21,1,1,1,8962,0,96.80851063829788
1_2024-01-22,2,2024,2024-01-22,1,1,1,2634,3,70.47826086956522
1_2024-01-23,2,2024,2024-01-23,1,1,1,1604,3,70.35714285714286
1_2024-01-24,2,2024,2024-01-24,1,1,1,3504,3,76.6923076923077
1_2024-01-25,2,2024,2024-01-25,1,1,1,3582,3,82.09677419354838
1_2024-01-26,2,2024,2024-01-26,1,1,1,214,3,72.44444444444444
1_2024-01-27,4,2024,2024-01-27,1,1,1,6382,0,86.5909090909091
1_2024-01-28,4,2024,2024-01-28,1,1,1,5542,0,91.1063829787234
1_2024-01-29,4,2024,2024-01-29,1,1,1,5580,3,77.83783783783784
1_2024-01-30,2,2024,2024-01-30,1,1,1,490,3,73
1_2024-01-31,4,2024,2024-01-31,1,1,1,9558,0,88.93548387096774
1_2024-02-01,2,2024,2024-02-01,1,1,1,672,3,79
1_2024-02-02,2,2024,2024-02-02,1,1,1,58,3,56.888888888888886
1_2024-02-03,2,2024,2024-02-03,1,1,1,110,0,87
1_2024-02-04,2,2024,2024-02-04,1,1,1,6,3,82.33333333333333
1_2024-02-06,0,2024,2024-02-06,1,1,1,13865,0,89.3125
1_2024-02-05,2,2024,2024-02-05,1,1,1,654,0,84.2
1_2024-02-07,4,2024,2024-02-07,1,1,1,7884,0,84.31818181818181
1_2024-02-08,0,2024,2024-02-08,1,1,1,16322,0,86.64583333333333
1_2024-02-09,4,2024,2024-02-09,1,1,1,6562,3,81.5
1_2024-02-10,4,2024,2024-02-10,1,1,1,5549,0,84.64473684210526
1_2024-02-11,2,2024,2024-02-11,1,1,1,556,3,78.36842105263158
1_2024-02-13,2,2024,2024-02-13,1,1,1,64,3,74
1_2024-02-14,2,2024,2024-02-14,1,1,1,172,3,74.125
1_2024-02-15,0,2024,2024-02-15,1,1,1,13508,0,92.21875
1_2024-02-16,0,2024,2024-02-16,1,1,1,18198,0,93.97916666666667
1_2024-02-17,0,2024,2024-02-17,1,1,1,13550,0,97.04166666666667
1_2024-02-18,0,2024,2024-02-18,1,1,1,14275,0,96.83333333333333
1_2024-02-19,0,2024,2024-02-19,1,1,1,14128,0,94.08333333333333
1_2024-02-20,4,2024,2024-02-20,1,1,1,7721,0,87.78125
1_2024-02-21,4,2024,2024-02-21,1,1,1,7882,0,86.51219512195122
1_2024-02-22,0,2024,2024-02-22,1,1,1,16437,0,88.5625
1_2024-02-23,0,2024,2024-02-23,1,1,1,17429,0,93.32291666666667
1_2024-02-24,0,2024,2024-02-24,1,1,1,13254,0,90.47916666666667
1_2024-02-25,2,2024,2024-02-25,1,1,1,4998,0,93.80434782608695
1_2024-02-26,2,2024,2024-02-26,1,1,1,2106,0,88.13333333333334
1_2024-02-27,4,2024,2024-02-27,1,1,1,11287,3,82.55263157894737
1_2024-02-28,4,2024,2024-02-28,1,1,1,6036,3,83.77631578947368
1_2024-02-29,2,2024,2024-02-29,1,1,1,1616,0,87.80952380952381
1_2024-03-01,2,2024,2024-03-01,1,1,1,314,0,88.83333333333333
1_2024-03-03,2,2024,2024-03-03,1,1,1,4986,0,93.8
1_2024-03-04,2,2024,2024-03-04,1,1,1,894,3,76
1_2024-03-05,2,2024,2024-03-05,1,1,1,702,0,91.66666666666667
1_2024-03-06,2,2024,2024-03-06,1,1,1,808,3,77
1_2024-03-07,2,2024,2024-03-07,1,1,1,128,3,82
1_2024-03-09,2,2024,2024-03-09,1,1,1,30,3,72.4
1_2024-03-11,4,2024,2024-03-11,1,1,1,10580,0,92.28125
1_2024-03-12,4,2024,2024-03-12,1,1,1,10084,0,89.125
1_2024-03-13,2,2024,2024-03-13,1,1,1,40,0,88.33333333333333
1_2024-03-15,0,2024,2024-03-15,1,1,1,16394,0,92.39393939393939
1_2024-03-14,2,2024,2024-03-14,1,1,1,2,3,50
1_2024-03-16,2,2024,2024-03-16,1,1,1,2092,0,89.04761904761905
1_2024-03-17,2,2024,2024-03-17,1,1,1,4833,0,90.0925925925926
1_2024-03-18,0,2024,2024-03-18,1,1,1,14902,0,94.11458333333333
1_2024-03-19,0,2024,2024-03-19,1,1,1,14854,0,94.04166666666667
1_2024-03-20,0,2024,2024-03-20,1,1,1,16192,0,87.14583333333333
1_2024-03-21,0,2024,2024-03-21,1,1,1,17512,0,94.9375
1_2024-03-22,0,2024,2024-03-22,1,1,1,19004,0,96.1875
1_2024-03-23,0,2024,2024-03-23,1,1,1,16361,0,99.30208333333333
1_2024-03-24,0,2024,2024-03-24,1,1,1,14652,2,102.22916666666667
1_2024-03-25,2,2024,2024-03-25,1,1,1,50,3,63.833333333333336
1_2024-03-26,2,2024,2024-03-26,1,1,1,48,3,56.1
1_2024-03-27,2,2024,2024-03-27,1,1,1,448,3,77.64285714285714
1_2024-03-28,2,2024,2024-03-28,1,1,1,412,3,80
1_2024-03-30,4,2024,2024-03-30,1,1,1,6894,0,93.9375
1_2024-03-29,2,2024,2024-03-29,1,1,1,20,3,56.666666666666664
1_2024-03-31,2,2024,2024-03-31,1,1,1,1418,0,93.44444444444444
1_2024-04-01,2,2024,2024-04-01,1,1,1,20,0,94
1_2024-04-02,2,2024,2024-04-02,1,1,1,4968,0,94.66666666666667
1_2024-04-03,2,2024,2024-04-03,1,1,1,1772,3,82.875
1_2024-04-04,2,2024,2024-04-04,1,1,1,862,2,105.83333333333333
1_2024-04-05,4,2024,2024-04-05,1,1,1,8074,0,94.95454545454545
1_2024-04-06,0,2024,2024-04-06,1,1,1,15348,0,95.38541666666667
1_2024-04-07,4,2024,2024-04-07,1,1,1,12700,0,98.02083333333333
1_2024-04-08,4,2024,2024-04-08,1,1,1,10630,0,93.1470588235294
1_2024-04-09,0,2024,2024-04-09,1,1,1,14124,0,91.58333333333333
1_2024-04-10,0,2024,2024-04-10,1,1,1,16000,0,89.91666666666667
1_2024-04-11,0,2024,2024-04-11,1,1,1,13432,0,91.8108108108108
1_2024-04-12,0,2024,2024-04-12,1,1,1,18740,0,92.875
1_2024-04-13,0,2024,2024-04-13,1,1,1,14886,0,97.29166666666667
1_2024-04-14,0,2024,2024-04-14,1,1,1,13794,0,98.77083333333333
1_2024-04-15,0,2024,2024-04-15,1,1,1,14999,0,93.60416666666667
1_2024-04-16,0,2024,2024-04-16,1,1,1,14748,0,94.4375
1_2024-04-17,0,2024,2024-04-17,1,1,1,15946,0,91.1875
1_2024-04-18,0,2024,2024-04-18,1,1,1,16168,0,89.47916666666667
1_2024-04-19,4,2024,2024-04-19,1,1,1,9109,0,87.6268656716418
1_2024-04-20,2,2024,2024-04-20,1,1,1,2429,0,86.8082191780822
1_2024-04-21,2,2024,2024-04-21,1,1,1,3793,0,90.91176470588235
1_2024-04-22,4,2024,2024-04-22,1,1,1,12420,0,94.37837837837837
1_2024-04-23,0,2024,2024-04-23,1,1,1,15528,0,95.85416666666667
1_2024-04-24,4,2024,2024-04-24,1,1,1,10022,0,89.61702127659575
1_2024-04-25,2,2024,2024-04-25,1,1,1,520,3,68.58333333333333
1_2024-04-26,2,2024,2024-04-26,1,1,1,2,0,95
1_2024-05-02,2,2024,2024-05-02,1,1,1,1458,0,91.5
1_2024-04-27,2,2024,2024-04-27,1,1,1,4,3,47
1_2024-04-28,2,2024,2024-04-28,1,1,1,22,2,107
1_2024-04-29,2,2024,2024-04-29,1,1,1,240,3,79
1_2024-04-30,2,2024,2024-04-30,1,1,1,26,3,66.75
1_2024-05-03,2,2024,2024-05-03,1,1,1,1853,0,88.38461538461539
1_2024-05-04,2,2024,2024-05-04,1,1,1,968,0,93.38297872340425
1_2024-05-05,2,2024,2024-05-05,1,1,1,4594,0,93.26086956521739
1_2024-05-06,4,2024,2024-05-06,1,1,1,7734,0,93.3225806451613
1_2024-05-07,2,2024,2024-05-07,1,1,1,8,0,90
1_2024-05-08,2,2024,2024-05-08,1,1,1,814,0,94.71428571428571
1_2024-05-09,2,2024,2024-05-09,1,1,1,3320,0,94.11111111111111
1_2024-05-11,2,2024,2024-05-11,1,1,1,1274,2,102.83333333333333
1_2024-05-12,0,2024,2024-05-12,1,1,1,13740,2,102.97916666666667
1_2024-05-13,0,2024,2024-05-13,1,1,1,14296,0,97.08333333333333
1_2024-05-14,0,2024,2024-05-14,1,1,1,15004,0,96.95833333333333
1_2024-05-15,0,2024,2024-05-15,1,1,1,16712,0,95.60416666666667
1_2024-05-16,0,2024,2024-05-16,1,1,1,17425,0,94.82291666666667
1_2024-05-17,0,2024,2024-05-17,1,1,1,19592,0,97.75
1_2024-05-18,4,2024,2024-05-18,1,1,1,10810,0,98.6
1_2024-05-19,2,2024,2024-05-19,1,1,1,2,2,114
1_2024-05-20,4,2024,2024-05-20,1,1,1,6222,0,100.14285714285714
1_2024-05-21,0,2024,2024-05-21,1,1,1,14452,0,97.20833333333333
1_2024-05-22,0,2024,2024-05-22,1,1,1,15890,0,95.95833333333333
1_2024-05-23,0,2024,2024-05-23,1,1,1,17294,0,95.20833333333333
1_2024-05-24,2,2024,2024-05-24,1,1,1,942,3,79.44827586206897
1_2024-05-25,2,2024,2024-05-25,1,1,1,1024,0,84.87878787878788
1_2024-05-26,2,2024,2024-05-26,1,1,1,224,0,93.70967741935483
1_2024-05-27,2,2024,2024-05-27,1,1,1,241,0,89.47142857142858
1_2024-05-28,2,2024,2024-05-28,1,1,1,128,3,79.125
1_2024-05-29,2,2024,2024-05-29,1,1,1,1086,3,77.8
1_2024-05-30,2,2024,2024-05-30,1,1,1,4906,0,85.6086956521739
1_2024-05-31,2,2024,2024-05-31,1,1,1,3652,3,77.35
5_2024-01-01,4,2024,2024-01-01,1,5,1,10054,2,116.375
5_2024-01-02,0,2024,2024-01-02,1,5,1,16866,2,115.20833333333333
5_2024-01-03,0,2024,2024-01-03,1,5,1,17853,2,116.04166666666667
5_2024-01-04,0,2024,2024-01-04,1,5,1,18590,2,115.3125
5_2024-01-05,0,2024,2024-01-05,1,5,1,16803,2,112.92553191489361
5_2024-01-06,4,2024,2024-01-06,1,5,1,9085,2,112.11224489795919
5_2024-01-07,4,2024,2024-01-07,1,5,1,9584,2,113.66666666666667
5_2024-01-08,3,2024,2024-01-08,1,5,1,20846,2,112.59375
5_2024-01-09,3,2024,2024-01-09,1,5,1,20671,2,113.82291666666667
5_2024-01-10,0,2024,2024-01-10,1,5,1,20292,2,113.97916666666667
5_2024-01-11,3,2024,2024-01-11,1,5,1,21185,2,112.92708333333333
5_2024-01-12,3,2024,2024-01-12,1,5,1,22278,2,115.32291666666667
5_2024-01-13,4,2024,2024-01-13,1,5,1,12543,2,116.92708333333333
5_2024-01-14,4,2024,2024-01-14,1,5,1,10640,2,116.95833333333333
5_2024-01-15,3,2024,2024-01-15,1,5,1,20500,2,112.08333333333333
5_2024-01-16,3,2024,2024-01-16,1,5,1,21278,2,113.83333333333333
5_2024-01-17,3,2024,2024-01-17,1,5,1,22343,2,115.95744680851064
5_2024-01-18,3,2024,2024-01-18,1,5,1,23346,2,114.34375
5_2024-01-19,3,2024,2024-01-19,1,5,1,22002,2,114
5_2024-01-20,0,2024,2024-01-20,1,5,1,13424,2,116.02083333333333
5_2024-01-21,4,2024,2024-01-21,1,5,1,11700,2,117.64583333333333
5_2024-01-22,0,2024,2024-01-22,1,5,1,20394,2,115.3125
5_2024-01-23,3,2024,2024-01-23,1,5,1,21836,2,114.8125
5_2024-01-24,3,2024,2024-01-24,1,5,1,21824,2,115.27083333333333
5_2024-01-25,3,2024,2024-01-25,1,5,1,23088,2,116.0625
5_2024-01-26,3,2024,2024-01-26,1,5,1,22429,2,115.40625
5_2024-01-27,0,2024,2024-01-27,1,5,1,14342,2,116.95833333333333
5_2024-01-28,0,2024,2024-01-28,1,5,1,13123,2,118.17708333333333
5_2024-01-29,3,2024,2024-01-29,1,5,1,22024,2,114.29166666666667
5_2024-01-30,3,2024,2024-01-30,1,5,1,22074,2,113.125
5_2024-01-31,3,2024,2024-01-31,1,5,1,21979,2,116.46875
5_2024-02-01,3,2024,2024-02-01,1,5,1,22289,2,116.35416666666667
5_2024-02-02,3,2024,2024-02-02,1,5,1,22780,2,114.20833333333333
5_2024-02-03,0,2024,2024-02-03,1,5,1,14022,2,115.45833333333333
5_2024-02-04,4,2024,2024-02-04,1,5,1,12460,2,117.5
5_2024-02-05,3,2024,2024-02-05,1,5,1,21303,2,115.78125
5_2024-02-06,3,2024,2024-02-06,1,5,1,21606,2,116.27083333333333
5_2024-02-07,3,2024,2024-02-07,1,5,1,22218,2,116.14583333333333
5_2024-02-08,3,2024,2024-02-08,1,5,1,22440,2,114.85416666666667
5_2024-02-09,3,2024,2024-02-09,1,5,1,21148,2,115.33333333333333
5_2024-02-10,4,2024,2024-02-10,1,5,1,11270,2,113.1875
5_2024-02-11,4,2024,2024-02-11,1,5,1,11576,2,117.67708333333333
5_2024-02-12,3,2024,2024-02-12,1,5,1,20592,2,114.97872340425532
5_2024-02-13,3,2024,2024-02-13,1,5,1,21618,2,116.14893617021276
5_2024-02-14,3,2024,2024-02-14,1,5,1,21780,2,115.47311827956989
5_2024-02-15,3,2024,2024-02-15,1,5,1,22067,2,114.9278350515464
5_2024-02-16,3,2024,2024-02-16,1,5,1,22932,2,113.47916666666667
5_2024-02-17,0,2024,2024-02-17,1,5,1,14319,2,116.09574468085107
5_2024-02-18,4,2024,2024-02-18,1,5,1,12741,2,116.70408163265306
5_2024-02-19,3,2024,2024-02-19,1,5,1,20816,2,112.5
5_2024-02-20,3,2024,2024-02-20,1,5,1,22280,2,115
5_2024-02-21,3,2024,2024-02-21,1,5,1,22666,2,114.39583333333333
5_2024-02-22,3,2024,2024-02-22,1,5,1,21480,2,113.57446808510639
5_2024-02-23,3,2024,2024-02-23,1,5,1,22530,2,114.29591836734694
5_2024-02-24,4,2024,2024-02-24,1,5,1,12644,2,114.39583333333333
5_2024-02-25,4,2024,2024-02-25,1,5,1,10982,2,115.125
5_2024-02-26,0,2024,2024-02-26,1,5,1,19702,2,109.22916666666667
5_2024-02-27,3,2024,2024-02-27,1,5,1,21974,2,112.93333333333334
5_2024-02-28,3,2024,2024-02-28,1,5,1,22807,2,109.35416666666667
5_2024-02-29,3,2024,2024-02-29,1,5,1,21527,2,111.85416666666667
5_2024-03-01,3,2024,2024-03-01,1,5,1,23858,2,114.8125
5_2024-03-02,4,2024,2024-03-02,1,5,1,12696,2,112.4375
5_2024-03-03,4,2024,2024-03-03,1,5,1,11192,2,114.625
5_2024-03-04,3,2024,2024-03-04,1,5,1,21280,2,114.77083333333333
5_2024-03-05,3,2024,2024-03-05,1,5,1,22298,2,114.22916666666667
5_2024-03-06,3,2024,2024-03-06,1,5,1,22852,2,114.77083333333333
5_2024-03-07,3,2024,2024-03-07,1,5,1,23284,2,117.25
5_2024-03-08,3,2024,2024-03-08,1,5,1,22970,2,116.10416666666667
5_2024-03-09,0,2024,2024-03-09,1,5,1,13525,2,116.4375
5_2024-03-10,4,2024,2024-03-10,1,5,1,10982,2,115.54166666666667
5_2024-03-11,3,2024,2024-03-11,1,5,1,22218,2,112.5
5_2024-03-12,3,2024,2024-03-12,1,5,1,22490,2,115.14893617021276
5_2024-03-13,3,2024,2024-03-13,1,5,1,24034,2,115.04166666666667
5_2024-03-14,4,2024,2024-03-14,1,5,1,5202,2,117.6842105263158
10_2024-01-01,4,2024,2024-01-01,1,10,1,7520,2,108.89583333333333
10_2024-01-02,4,2024,2024-01-02,1,10,1,12420,0,98.77083333333333
10_2024-01-03,4,2024,2024-01-03,1,10,1,10104,0,96.04166666666667
10_2024-01-04,4,2024,2024-01-04,1,10,1,9530,0,98.33333333333333
10_2024-01-05,4,2024,2024-01-05,1,10,1,9390,0,98.5
10_2024-01-06,4,2024,2024-01-06,1,10,1,7696,2,102.95833333333333
10_2024-01-07,4,2024,2024-01-07,1,10,1,10936,2,105.98958333333333
10_2024-01-08,4,2024,2024-01-08,1,10,1,10167,0,96.09375
10_2024-01-09,4,2024,2024-01-09,1,10,1,10772,0,92.66666666666667
10_2024-01-10,2,2024,2024-01-10,1,10,1,3324,0,91.63636363636364
10_2024-01-11,4,2024,2024-01-11,1,10,1,6046,0,97.55172413793103
10_2024-01-12,4,2024,2024-01-12,1,10,1,8060,0,96.43478260869566
10_2024-01-13,4,2024,2024-01-13,1,10,1,6058,0,100.33333333333333
10_2024-01-14,4,2024,2024-01-14,1,10,1,7090,2,102.64583333333333
10_2024-01-15,4,2024,2024-01-15,1,10,1,10136,0,94.27083333333333
10_2024-01-16,4,2024,2024-01-16,1,10,1,10606,0,92.33333333333333
10_2024-01-17,4,2024,2024-01-17,1,10,1,9108,0,93.45833333333333
10_2024-01-18,4,2024,2024-01-18,1,10,1,8656,0,92.95833333333333
10_2024-01-19,4,2024,2024-01-19,1,10,1,8544,0,96.91666666666667
10_2024-01-20,4,2024,2024-01-20,1,10,1,6224,0,99.46875
10_2024-01-21,4,2024,2024-01-21,1,10,1,7742,2,102.85416666666667
10_2024-01-22,4,2024,2024-01-22,1,10,1,10082,0,93.79166666666667
10_2024-01-23,4,2024,2024-01-23,1,10,1,10262,0,92.08333333333333
10_2024-01-24,4,2024,2024-01-24,1,10,1,8862,0,93.9375
10_2024-01-25,4,2024,2024-01-25,1,10,1,8836,0,96.79166666666667
10_2024-01-26,4,2024,2024-01-26,1,10,1,9314,0,97.875
10_2024-01-27,4,2024,2024-01-27,1,10,1,6342,0,100.6875
10_2024-01-28,4,2024,2024-01-28,1,10,1,8448,2,102.95833333333333
10_2024-01-29,4,2024,2024-01-29,1,10,1,9734,0,94.54166666666667
10_2024-01-30,4,2024,2024-01-30,1,10,1,10482,0,92.54166666666667
10_2024-01-31,4,2024,2024-01-31,1,10,1,9651,0,93.94791666666667
10_2024-02-01,4,2024,2024-02-01,1,10,1,8920,0,95.375
10_2024-02-02,4,2024,2024-02-02,1,10,1,9474,0,97.35416666666667
10_2024-02-03,4,2024,2024-02-03,1,10,1,6136,0,100.1875
10_2024-02-04,4,2024,2024-02-04,1,10,1,8542,0,101
10_2024-02-05,4,2024,2024-02-05,1,10,1,10438,0,94.3125
10_2024-02-06,4,2024,2024-02-06,1,10,1,11376,0,92.375
10_2024-02-07,4,2024,2024-02-07,1,10,1,10438,0,93.16666666666667
10_2024-02-08,4,2024,2024-02-08,1,10,1,9178,0,96.20833333333333
10_2024-02-09,4,2024,2024-02-09,1,10,1,10086,0,96.60416666666667
10_2024-02-10,4,2024,2024-02-10,1,10,1,6452,0,99.875
10_2024-02-11,4,2024,2024-02-11,1,10,1,8812,2,103.6875
10_2024-02-12,4,2024,2024-02-12,1,10,1,11574,0,94.95833333333333
10_2024-02-13,4,2024,2024-02-13,1,10,1,11738,0,93.42708333333333
10_2024-02-14,4,2024,2024-02-14,1,10,1,9274,0,95.15625
10_2024-02-15,4,2024,2024-02-15,1,10,1,9050,0,95.54166666666667
10_2024-02-16,4,2024,2024-02-16,1,10,1,9740,0,96.41666666666667
10_2024-02-17,4,2024,2024-02-17,1,10,1,6678,0,99.72916666666667
10_2024-02-18,4,2024,2024-02-18,1,10,1,9362,2,102.10416666666667
10_2024-02-19,4,2024,2024-02-19,1,10,1,11155,0,94.96875
10_2024-02-20,4,2024,2024-02-20,1,10,1,11172,0,92.3125
10_2024-02-21,4,2024,2024-02-21,1,10,1,10336,0,94
10_2024-02-22,4,2024,2024-02-22,1,10,1,9360,0,94.97916666666667
10_2024-02-23,4,2024,2024-02-23,1,10,1,9608,0,97.6875
10_2024-02-24,4,2024,2024-02-24,1,10,1,6290,0,100.08333333333333
10_2024-02-25,4,2024,2024-02-25,1,10,1,8280,0,99.95833333333333
10_2024-02-26,0,2024,2024-02-26,1,10,1,15839,0,91.1875
10_2024-02-27,0,2024,2024-02-27,1,10,1,14649,0,86.27083333333333
10_2024-02-28,4,2024,2024-02-28,1,10,1,9920,0,94.14583333333333
10_2024-02-29,4,2024,2024-02-29,1,10,1,9512,0,96.125
10_2024-03-01,4,2024,2024-03-01,1,10,1,9422,0,96.625
10_2024-03-02,4,2024,2024-03-02,1,10,1,5879,0,97.86458333333333
10_2024-03-03,4,2024,2024-03-03,1,10,1,9068,0,101.45833333333333
10_2024-03-04,4,2024,2024-03-04,1,10,1,10942,0,94.60416666666667
10_2024-03-05,4,2024,2024-03-05,1,10,1,11148,0,92.14583333333333
10_2024-03-06,4,2024,2024-03-06,1,10,1,9860,0,94.04166666666667
10_2024-03-07,4,2024,2024-03-07,1,10,1,9118,0,96.39583333333333
10_2024-03-08,4,2024,2024-03-08,1,10,1,9618,0,96.95833333333333
10_2024-03-09,4,2024,2024-03-09,1,10,1,6054,0,99.52083333333333
10_2024-03-10,4,2024,2024-03-10,1,10,1,8440,2,101.89583333333333
10_2024-03-11,4,2024,2024-03-11,1,10,1,10210,0,94.60416666666667
10_2024-03-12,4,2024,2024-03-12,1,10,1,10928,0,92.60416666666667
10_2024-03-13,4,2024,2024-03-13,1,10,1,10046,0,94.375
10_2024-03-14,4,2024,2024-03-14,1,10,1,9146,0,96.16666666666667
10_2024-03-15,4,2024,2024-03-15,1,10,1,10414,0,98.375
10_2024-03-16,4,2024,2024-03-16,1,10,1,7122,0,100.66666666666667
10_2024-03-17,4,2024,2024-03-17,1,10,1,9082,2,103.35416666666667
10_2024-03-18,4,2024,2024-03-18,1,10,1,11370,0,94.20833333333333
10_2024-03-19,4,2024,2024-03-19,1,10,1,11456,0,92.72916666666667
10_2024-03-20,4,2024,2024-03-20,1,10,1,10260,0,94.22916666666667
10_2024-03-21,4,2024,2024-03-21,1,10,1,10408,0,97.15463917525773
10_2024-03-22,4,2024,2024-03-22,1,10,1,10814,0,97.51578947368421
10_2024-03-23,4,2024,2024-03-23,1,10,1,8498,0,100.79166666666667
10_2024-03-24,4,2024,2024-03-24,1,10,1,9886,2,102.16666666666667
10_2024-03-25,4,2024,2024-03-25,1,10,1,11224,0,94.5625
10_2024-03-26,4,2024,2024-03-26,1,10,1,10920,0,93.2
10_2024-03-27,4,2024,2024-03-27,1,10,1,10630,0,97.5979381443299
10_2024-03-28,4,2024,2024-03-28,1,10,1,8846,2,102.33333333333333
10_2024-03-29,4,2024,2024-03-29,1,10,1,5974,2,103.52083333333333
10_2024-03-30,4,2024,2024-03-30,1,10,1,6612,2,106.5
10_2024-03-31,4,2024,2024-03-31,1,10,1,12230,2,108.08695652173913
10_2024-04-01,3,2024,2024-04-01,1,10,1,22383,2,103.30208333333333
10_2024-04-02,0,2024,2024-04-02,1,10,1,16154,0,94.89583333333333
10_2024-04-03,4,2024,2024-04-03,1,10,1,11057,0,95.4375
10_2024-04-04,4,2024,2024-04-04,1,10,1,10408,0,97.375
10_2024-04-05,4,2024,2024-04-05,1,10,1,12048,0,99.375
10_2024-04-06,4,2024,2024-04-06,1,10,1,10752,2,103.16666666666667
10_2024-04-07,0,2024,2024-04-07,1,10,1,19984,2,106.10416666666667
10_2024-04-08,0,2024,2024-04-08,1,10,1,14402,0,98.0625
10_2024-04-09,4,2024,2024-04-09,1,10,1,11576,0,93.60416666666667
10_2024-04-10,4,2024,2024-04-10,1,10,1,12014,0,96.97916666666667
10_2024-04-11,4,2024,2024-04-11,1,10,1,11073,0,98.90625
10_2024-04-12,4,2024,2024-04-12,1,10,1,9846,0,98.4375
10_2024-04-13,4,2024,2024-04-13,1,10,1,6878,2,102.16666666666667
10_2024-04-14,4,2024,2024-04-14,1,10,1,9402,2,104.33333333333333
10_2024-04-15,4,2024,2024-04-15,1,10,1,11822,0,95.22916666666667
10_2024-04-16,4,2024,2024-04-16,1,10,1,10396,0,93.06521739130434
10_2024-04-17,4,2024,2024-04-17,1,10,1,9934,0,94.66666666666667
10_2024-04-18,4,2024,2024-04-18,1,10,1,9770,0,96.375
10_2024-04-19,4,2024,2024-04-19,1,10,1,10972,0,98.77083333333333
10_2024-04-20,4,2024,2024-04-20,1,10,1,7960,2,102.04166666666667
10_2024-04-21,4,2024,2024-04-21,1,10,1,10170,2,103.39583333333333
10_2024-04-22,4,2024,2024-04-22,1,10,1,11236,0,95.02083333333333
10_2024-04-23,4,2024,2024-04-23,1,10,1,10124,0,93.0625
10_2024-04-24,4,2024,2024-04-24,1,10,1,10750,0,94.39583333333333
10_2024-04-25,4,2024,2024-04-25,1,10,1,10168,0,96.39583333333333
10_2024-04-26,4,2024,2024-04-26,1,10,1,10006,0,97.70833333333333
10_2024-04-27,4,2024,2024-04-27,1,10,1,6746,0,100.04166666666667
10_2024-04-28,4,2024,2024-04-28,1,10,1,10230,2,103.29166666666667
10_2024-04-29,4,2024,2024-04-29,1,10,1,11287,0,96.78125
10_2024-04-30,4,2024,2024-04-30,1,10,1,11784,0,96.08333333333333
10_2024-05-01,4,2024,2024-05-01,1,10,1,11063,0,98.52083333333333
10_2024-05-02,4,2024,2024-05-02,1,10,1,8570,0,96.6875
10_2024-05-03,4,2024,2024-05-03,1,10,1,8616,0,96.77083333333333
10_2024-05-04,4,2024,2024-05-04,1,10,1,6912,0,100.95833333333333
10_2024-05-05,4,2024,2024-05-05,1,10,1,11965,2,103.51041666666667
10_2024-05-06,4,2024,2024-05-06,1,10,1,10122,0,95.64583333333333
10_2024-05-07,4,2024,2024-05-07,1,10,1,8562,0,94.95744680851064
10_2024-05-08,4,2024,2024-05-08,1,10,1,9854,0,94.83333333333333
10_2024-05-09,2,2024,2024-05-09,1,10,1,4116,0,93.96
10_2024-05-11,2,2024,2024-05-11,1,10,1,722,2,106
10_2024-05-12,4,2024,2024-05-12,1,10,1,11830,2,105.25
10_2024-05-13,4,2024,2024-05-13,1,10,1,11786,0,95.72916666666667
10_2024-05-14,4,2024,2024-05-14,1,10,1,11040,0,92.27083333333333
10_2024-05-15,4,2024,2024-05-15,1,10,1,9496,0,94.91666666666667
10_2024-05-16,4,2024,2024-05-16,1,10,1,9488,0,96.20833333333333
10_2024-05-17,4,2024,2024-05-17,1,10,1,9690,0,98.04166666666667
10_2024-05-18,4,2024,2024-05-18,1,10,1,6730,0,101.35416666666667
10_2024-05-19,4,2024,2024-05-19,1,10,1,10496,2,104.79166666666667
10_2024-05-20,4,2024,2024-05-20,1,10,1,11960,0,95.4375
10_2024-05-21,4,2024,2024-05-21,1,10,1,11602,0,93.25
10_2024-05-22,4,2024,2024-05-22,1,10,1,10196,0,94.14583333333333
10_2024-05-23,4,2024,2024-05-23,1,10,1,9318,0,97.04166666666667
10_2024-05-24,4,2024,2024-05-24,1,10,1,10588,0,98.72916666666667
10_2024-05-25,2,2024,2024-05-25,1,10,1,2666,0,98.24
12_2024-01-01,2,2024,2024-01-01,1,12,1,4158,2,115.58333333333333
12_2024-01-02,4,2024,2024-01-02,1,12,1,8452,2,108.52083333333333
12_2024-01-03,4,2024,2024-01-03,1,12,1,8230,2,105.95833333333333
12_2024-01-04,4,2024,2024-01-04,1,12,1,8492,2,107.10416666666667
12_2024-01-05,4,2024,2024-01-05,1,12,1,7665,0,100.47916666666667
12_2024-01-07,4,2024,2024-01-07,1,12,1,5259,2,108.33333333333333
12_2024-01-06,2,2024,2024-01-06,1,12,1,3502,2,107.70833333333333
12_2024-01-08,4,2024,2024-01-08,1,12,1,9355,2,104.70833333333333
12_2024-01-09,4,2024,2024-01-09,1,12,1,9832,2,103.70833333333333
12_2024-01-10,4,2024,2024-01-10,1,12,1,9416,2,103.3125
12_2024-01-11,4,2024,2024-01-11,1,12,1,9592,2,103.10416666666667
12_2024-01-12,4,2024,2024-01-12,1,12,1,9507,2,105.28125
12_2024-01-13,2,2024,2024-01-13,1,12,1,4481,2,111.85416666666667
12_2024-01-14,2,2024,2024-01-14,1,12,1,4498,2,112.64583333333333
12_2024-01-15,4,2024,2024-01-15,1,12,1,9294,2,105.41666666666667
12_2024-01-16,4,2024,2024-01-16,1,12,1,10040,2,103.375
12_2024-01-17,4,2024,2024-01-17,1,12,1,9918,2,105.45833333333333
12_2024-01-18,4,2024,2024-01-18,1,12,1,10134,2,104.22916666666667
12_2024-01-19,4,2024,2024-01-19,1,12,1,9662,2,104.33333333333333
12_2024-01-20,2,2024,2024-01-20,1,12,1,4415,2,111.38541666666667
12_2024-01-21,2,2024,2024-01-21,1,12,1,4802,2,114.75
12_2024-01-22,4,2024,2024-01-22,1,12,1,9926,2,107.375
12_2024-01-23,4,2024,2024-01-23,1,12,1,9982,2,104.79166666666667
12_2024-01-24,4,2024,2024-01-24,1,12,1,10200,2,106.20833333333333
12_2024-01-25,4,2024,2024-01-25,1,12,1,10432,2,105.16666666666667
12_2024-01-26,4,2024,2024-01-26,1,12,1,9912,2,104.8125
12_2024-01-27,2,2024,2024-01-27,1,12,1,4773,2,111.91666666666667
12_2024-01-28,2,2024,2024-01-28,1,12,1,5020,2,112.375
12_2024-01-29,4,2024,2024-01-29,1,12,1,9684,2,107.25
12_2024-01-30,4,2024,2024-01-30,1,12,1,10396,2,105.83333333333333
12_2024-01-31,4,2024,2024-01-31,1,12,1,10306,2,103.45833333333333
12_2024-02-01,4,2024,2024-02-01,1,12,1,10166,2,105.22916666666667
12_2024-02-02,4,2024,2024-02-02,1,12,1,10227,2,105.26041666666667
12_2024-02-03,2,2024,2024-02-03,1,12,1,4736,2,108.52083333333333
12_2024-02-04,2,2024,2024-02-04,1,12,1,5058,2,112.875
12_2024-02-05,4,2024,2024-02-05,1,12,1,9766,2,106.125
12_2024-02-06,4,2024,2024-02-06,1,12,1,10093,2,105.3125
12_2024-02-07,4,2024,2024-02-07,1,12,1,10148,2,105.14583333333333
12_2024-02-08,4,2024,2024-02-08,1,12,1,10598,2,106.45833333333333
12_2024-02-09,4,2024,2024-02-09,1,12,1,10214,2,104.66666666666667
12_2024-02-10,2,2024,2024-02-10,1,12,1,4170,2,106.79166666666667
12_2024-02-11,2,2024,2024-02-11,1,12,1,4774,2,114.38
12_2024-02-12,4,2024,2024-02-12,1,12,1,9724,2,105.41304347826087
12_2024-02-13,4,2024,2024-02-13,1,12,1,10284,2,104.4375
12_2024-02-14,4,2024,2024-02-14,1,12,1,10297,2,105.89473684210526
12_2024-02-15,4,2024,2024-02-15,1,12,1,10918,2,103.34020618556701
12_2024-02-16,4,2024,2024-02-16,1,12,1,10282,2,104.22916666666667
12_2024-02-17,2,2024,2024-02-17,1,12,1,4650,2,111.14583333333333
12_2024-02-18,4,2024,2024-02-18,1,12,1,5570,2,113.36458333333333
12_2024-02-19,4,2024,2024-02-19,1,12,1,10076,2,103.45833333333333
12_2024-02-20,4,2024,2024-02-20,1,12,1,10184,2,104.75
12_2024-02-21,4,2024,2024-02-21,1,12,1,10524,2,106.54166666666667
12_2024-02-22,4,2024,2024-02-22,1,12,1,10438,2,104.375
12_2024-02-23,4,2024,2024-02-23,1,12,1,10078,2,105.64583333333333
12_2024-02-24,2,2024,2024-02-24,1,12,1,4408,2,106.6
12_2024-02-25,2,2024,2024-02-25,1,12,1,4853,2,109.90721649484536
12_2024-02-26,4,2024,2024-02-26,1,12,1,10180,0,99.5
12_2024-02-27,4,2024,2024-02-27,1,12,1,10284,0,98.6875
12_2024-02-28,4,2024,2024-02-28,1,12,1,10469,2,101.97916666666667
12_2024-02-29,4,2024,2024-02-29,1,12,1,6396,0,96.76315789473684
12_2024-03-01,4,2024,2024-03-01,1,12,1,10072,2,106.10416666666667
12_2024-03-02,2,2024,2024-03-02,1,12,1,4668,2,107.52083333333333
12_2024-03-03,4,2024,2024-03-03,1,12,1,5168,2,110.14583333333333
12_2024-03-04,4,2024,2024-03-04,1,12,1,9802,2,105.64583333333333
12_2024-03-05,4,2024,2024-03-05,1,12,1,10328,2,104.4375
12_2024-03-06,4,2024,2024-03-06,1,12,1,10644,2,106.64583333333333
12_2024-03-07,4,2024,2024-03-07,1,12,1,10380,2,104.16666666666667
12_2024-03-08,4,2024,2024-03-08,1,12,1,10188,2,105.625
12_2024-03-09,2,2024,2024-03-09,1,12,1,4752,2,112.52083333333333
12_2024-03-10,4,2024,2024-03-10,1,12,1,5234,2,112.1875
12_2024-03-11,4,2024,2024-03-11,1,12,1,9858,2,103.60416666666667
12_2024-03-12,4,2024,2024-03-12,1,12,1,10317,2,104.15625
12_2024-03-13,4,2024,2024-03-13,1,12,1,10804,2,105.91666666666667
12_2024-03-14,4,2024,2024-03-14,1,12,1,10896,2,106.33333333333333
12_2024-03-15,4,2024,2024-03-15,1,12,1,10578,2,105.77083333333333
12_2024-03-16,4,2024,2024-03-16,1,12,1,5318,2,111.02083333333333
12_2024-03-17,4,2024,2024-03-17,1,12,1,5662,2,111.75
12_2024-03-18,4,2024,2024-03-18,1,12,1,9748,2,105.74736842105263
12_2024-03-19,4,2024,2024-03-19,1,12,1,11072,2,103.74226804123711
12_2024-03-20,4,2024,2024-03-20,1,12,1,10798,2,104.04166666666667
12_2024-03-21,4,2024,2024-03-21,1,12,1,10514,2,105.0625
12_2024-03-22,4,2024,2024-03-22,1,12,1,10724,2,105.21875
12_2024-03-23,4,2024,2024-03-23,1,12,1,5326,2,108.66666666666667
12_2024-03-24,4,2024,2024-03-24,1,12,1,5240,2,111.3125
12_2024-03-25,4,2024,2024-03-25,1,12,1,9694,2,104.95833333333333
12_2024-03-26,4,2024,2024-03-26,1,12,1,9880,2,102.70833333333333
12_2024-03-27,4,2024,2024-03-27,1,12,1,9950,2,107.375
12_2024-03-28,4,2024,2024-03-28,1,12,1,5184,2,111.79166666666667
12_2024-03-29,2,2024,2024-03-29,1,12,1,3980,2,107.75
12_2024-03-30,2,2024,2024-03-30,1,12,1,4424,2,111.375
12_2024-03-31,4,2024,2024-03-31,1,12,1,6454,2,111.69565217391305
12_2024-04-01,4,2024,2024-04-01,1,12,1,10980,2,109.85416666666667
12_2024-04-02,4,2024,2024-04-02,1,12,1,10462,2,105.83333333333333
12_2024-04-03,4,2024,2024-04-03,1,12,1,9734,2,106.35416666666667
12_2024-04-04,4,2024,2024-04-04,1,12,1,9824,2,106.20833333333333
12_2024-04-05,4,2024,2024-04-05,1,12,1,10122,2,107.1875
12_2024-04-06,4,2024,2024-04-06,1,12,1,6190,2,110.16666666666667
12_2024-04-07,4,2024,2024-04-07,1,12,1,8224,2,110.54166666666667
12_2024-04-08,4,2024,2024-04-08,1,12,1,11176,2,107
12_2024-04-10,4,2024,2024-04-10,1,12,1,7050,2,107.26923076923077
12_2024-04-11,4,2024,2024-04-11,1,12,1,11280,2,106.375
12_2024-04-12,4,2024,2024-04-12,1,12,1,10092,2,106.83333333333333
12_2024-04-13,4,2024,2024-04-13,1,12,1,5316,2,110.25
12_2024-04-14,4,2024,2024-04-14,1,12,1,5694,2,112.16666666666667
12_2024-04-15,4,2024,2024-04-15,1,12,1,10158,2,104.29166666666667
12_2024-04-16,4,2024,2024-04-16,1,12,1,10462,2,103.80208333333333
12_2024-04-17,4,2024,2024-04-17,1,12,1,9862,2,102.95744680851064
12_2024-04-18,4,2024,2024-04-18,1,12,1,10611,2,104.5204081632653
12_2024-04-19,4,2024,2024-04-19,1,12,1,10921,2,106.19791666666667
12_2024-04-20,4,2024,2024-04-20,1,12,1,5432,2,110.27083333333333
12_2024-04-21,4,2024,2024-04-21,1,12,1,5631,2,113.17708333333333
12_2024-04-22,4,2024,2024-04-22,1,12,1,10498,2,105.29166666666667
12_2024-04-23,4,2024,2024-04-23,1,12,1,10104,2,104.10416666666667
12_2024-04-24,4,2024,2024-04-24,1,12,1,10794,2,105.5625
12_2024-04-25,4,2024,2024-04-25,1,12,1,10896,2,104.97916666666667
12_2024-04-26,4,2024,2024-04-26,1,12,1,10796,2,106.25
12_2024-04-27,2,2024,2024-04-27,1,12,1,4928,2,110.83333333333333
12_2024-04-28,4,2024,2024-04-28,1,12,1,5612,2,112.16666666666667
12_2024-04-29,4,2024,2024-04-29,1,12,1,8478,2,107.25
12_2024-04-30,4,2024,2024-04-30,1,12,1,9361,2,106.5625
12_2024-05-01,2,2024,2024-05-01,1,12,1,4862,2,107.39583333333333
12_2024-05-02,4,2024,2024-05-02,1,12,1,9430,2,103.70833333333333
12_2024-05-03,4,2024,2024-05-03,1,12,1,9344,2,106.91666666666667
12_2024-05-04,2,2024,2024-05-04,1,12,1,4538,2,112.5625
12_2024-05-05,4,2024,2024-05-05,1,12,1,6540,2,112.0625
12_2024-05-06,4,2024,2024-05-06,1,12,1,10390,2,105.20833333333333
12_2024-05-07,4,2024,2024-05-07,1,12,1,10506,2,104.52083333333333
12_2024-05-08,4,2024,2024-05-08,1,12,1,10579,2,104.96875
12_2024-05-09,2,2024,2024-05-09,1,12,1,4760,2,105
12_2024-05-11,2,2024,2024-05-11,1,12,1,424,2,107.83333333333333
12_2024-05-12,4,2024,2024-05-12,1,12,1,6298,2,111.67708333333333
12_2024-05-13,4,2024,2024-05-13,1,12,1,10556,2,105.02083333333333
12_2024-05-14,4,2024,2024-05-14,1,12,1,9737,2,102.97777777777777
51_2024-01-01,2,2024,2024-01-01,1,51,5,0,1,0
51_2024-01-02,2,2024,2024-01-02,1,51,5,0,1,0
51_2024-01-03,2,2024,2024-01-03,1,51,5,0,1,0
51_2024-01-04,2,2024,2024-01-04,1,51,5,0,1,0
51_2024-01-05,2,2024,2024-01-05,1,51,5,0,1,0
51_2024-01-06,2,2024,2024-01-06,1,51,5,0,1,0
51_2024-01-07,2,2024,2024-01-07,1,51,5,0,1,0
51_2024-01-08,2,2024,2024-01-08,1,51,5,0,1,0
51_2024-01-09,2,2024,2024-01-09,1,51,5,0,1,0
51_2024-01-10,2,2024,2024-01-10,1,51,5,0,1,0
51_2024-01-11,2,2024,2024-01-11,1,51,5,0,1,0
51_2024-01-12,2,2024,2024-01-12,1,51,5,0,1,0
51_2024-01-13,2,2024,2024-01-13,1,51,5,0,1,0
51_2024-01-14,2,2024,2024-01-14,1,51,5,0,1,0
51_2024-01-15,2,2024,2024-01-15,1,51,5,0,1,0
51_2024-01-16,2,2024,2024-01-16,1,51,5,0,1,0
51_2024-01-17,2,2024,2024-01-17,1,51,5,0,1,0
51_2024-01-18,2,2024,2024-01-18,1,51,5,0,1,0
51_2024-01-19,2,2024,2024-01-19,1,51,5,0,1,0
51_2024-01-20,2,2024,2024-01-20,1,51,5,0,1,0
51_2024-01-21,2,2024,2024-01-21,1,51,5,0,1,0
51_2024-01-22,2,2024,2024-01-22,1,51,5,0,1,0
51_2024-01-23,2,2024,2024-01-23,1,51,5,0,1,0
51_2024-01-24,2,2024,2024-01-24,1,51,5,0,1,0
51_2024-01-25,2,2024,2024-01-25,1,51,5,0,1,0
51_2024-01-26,2,2024,2024-01-26,1,51,5,0,1,0
51_2024-01-27,2,2024,2024-01-27,1,51,5,0,1,0
53_2024-01-01,3,2024,2024-01-01,1,53,5,31393,4,10.533088235294118
53_2024-01-02,1,2024,2024-01-02,1,53,5,45201,4,15.293893129770993
53_2024-01-03,1,2024,2024-01-03,1,53,5,57141,4,15.754863813229573
53_2024-01-04,1,2024,2024-01-04,1,53,5,60404,4,17.18450184501845
53_2024-01-05,1,2024,2024-01-05,1,53,5,54822,4,15.636042402826854
53_2024-01-06,3,2024,2024-01-06,1,53,5,33298,4,11.920634920634921
53_2024-01-07,3,2024,2024-01-07,1,53,5,23003,1,6.596610169491526
53_2024-01-08,1,2024,2024-01-08,1,53,5,50668,4,17.9
53_2024-01-09,1,2024,2024-01-09,1,53,5,71042,4,18.221884498480243
53_2024-01-10,1,2024,2024-01-10,1,53,5,64309,4,16.963963963963963
53_2024-01-11,1,2024,2024-01-11,1,53,5,58324,4,18.76953125
53_2024-01-12,1,2024,2024-01-12,1,53,5,63316,4,19.806691449814128
53_2024-01-13,1,2024,2024-01-13,1,53,5,40805,4,14.010791366906474
53_2024-01-14,3,2024,2024-01-14,1,53,5,22630,4,9.464135021097047
53_2024-01-15,1,2024,2024-01-15,1,53,5,54544,4,15.148014440433213
53_2024-01-16,1,2024,2024-01-16,1,53,5,66181,4,17.376506024096386
53_2024-01-17,1,2024,2024-01-17,1,53,5,52505,4,13.527777777777779
53_2024-01-18,1,2024,2024-01-18,1,53,5,60009,4,14.051282051282051
53_2024-01-19,1,2024,2024-01-19,1,53,5,46933,4,15.51528384279476
53_2024-01-20,1,2024,2024-01-20,1,53,5,56045,4,16.846625766871167
53_2024-01-21,1,2024,2024-01-21,1,53,5,37854,4,12.535971223021583
53_2024-01-22,1,2024,2024-01-22,1,53,5,49154,4,14.225925925925926
53_2024-01-23,1,2024,2024-01-23,1,53,5,47438,4,14.431818181818182
53_2024-01-24,2,2024,2024-01-24,1,53,5,0,1,0
53_2024-01-25,2,2024,2024-01-25,1,53,5,1097,4,18.6
54_2024-01-01,3,2024,2024-01-01,1,54,5,27615,1,5.735714285714286
54_2024-01-02,1,2024,2024-01-02,1,54,5,53105,1,5.3879598662207355
54_2024-01-03,1,2024,2024-01-03,1,54,5,46953,1,5.58
54_2024-01-04,1,2024,2024-01-04,1,54,5,48489,1,5.76078431372549
54_2024-01-05,1,2024,2024-01-05,1,54,5,50945,1,6.185567010309279
54_2024-01-06,3,2024,2024-01-06,1,54,5,34115,1,5.718213058419244
54_2024-01-07,3,2024,2024-01-07,1,54,5,21985,1,5.5528455284552845
54_2024-01-08,1,2024,2024-01-08,1,54,5,60080,1,5.219653179190751
54_2024-01-09,1,2024,2024-01-09,1,54,5,48266,1,4.9772727272727275
54_2024-01-10,1,2024,2024-01-10,1,54,5,43161,1,4.8063241106719365
54_2024-01-11,1,2024,2024-01-11,1,54,5,53868,1,4.861952861952862
54_2024-01-12,1,2024,2024-01-12,1,54,5,55271,1,5.166064981949458
54_2024-01-13,1,2024,2024-01-13,1,54,5,43352,1,5.617100371747212
54_2024-01-14,3,2024,2024-01-14,1,54,5,27797,1,6.266666666666667
54_2024-01-15,1,2024,2024-01-15,1,54,5,45269,1,4.797101449275362
54_2024-01-16,1,2024,2024-01-16,1,54,5,44743,1,3.507142857142857
54_2024-01-17,3,2024,2024-01-17,1,54,5,32331,1,4.099547511312217
54_2024-01-18,1,2024,2024-01-18,1,54,5,73361,1,4.84
54_2024-01-19,1,2024,2024-01-19,1,54,5,38505,1,4.718487394957983
54_2024-01-20,1,2024,2024-01-20,1,54,5,44789,1,5.959595959595959
54_2024-01-21,3,2024,2024-01-21,1,54,5,25673,1,5.878228782287823
54_2024-01-22,1,2024,2024-01-22,1,54,5,54622,1,5.114864864864865
54_2024-01-23,3,2024,2024-01-23,1,54,5,32317,1,3.58203125
54_2024-01-24,2,2024,2024-01-24,1,54,5,0,1,0
54_2024-01-25,1,2024,2024-01-25,1,54,5,53464,1,6.7792792792792795
54_2024-01-26,1,2024,2024-01-26,1,54,5,38995,1,5.625
54_2024-01-27,2,2024,2024-01-27,1,54,5,628,1,6.666666666666667
55_2024-01-01,3,2024,2024-01-01,1,55,5,31959,1,5.8428571428571425
55_2024-01-02,1,2024,2024-01-02,1,55,5,47147,1,6.973977695167286
55_2024-01-03,1,2024,2024-01-03,1,55,5,51939,1,7.178832116788321
55_2024-01-04,1,2024,2024-01-04,1,55,5,52622,1,7.201413427561837
55_2024-01-05,1,2024,2024-01-05,1,55,5,47331,1,5.4572490706319705
55_2024-01-06,3,2024,2024-01-06,1,55,5,34610,1,4.151750972762646
55_2024-01-07,3,2024,2024-01-07,1,55,5,37162,1,4.306397306397306
55_2024-01-08,1,2024,2024-01-08,1,55,5,58825,1,6.203389830508475
55_2024-01-09,1,2024,2024-01-09,1,55,5,52344,1,6.609929078014185
55_2024-01-10,1,2024,2024-01-10,1,55,5,61949,1,5.846938775510204
55_2024-01-11,1,2024,2024-01-11,1,55,5,59506,1,5.779359430604982
55_2024-01-12,1,2024,2024-01-12,1,55,5,59038,1,7.116666666666666
55_2024-01-13,3,2024,2024-01-13,1,55,5,34011,1,6.256880733944954
55_2024-01-14,1,2024,2024-01-14,1,55,5,47510,1,5.984848484848484
55_2024-01-15,1,2024,2024-01-15,1,55,5,55142,1,5.645669291338582
55_2024-01-16,1,2024,2024-01-16,1,55,5,64002,1,6.2972136222910216
55_2024-01-17,1,2024,2024-01-17,1,55,5,48466,1,6.75
55_2024-01-18,1,2024,2024-01-18,1,55,5,70321,1,7.066037735849057
55_2024-01-19,1,2024,2024-01-19,1,55,5,60037,1,7.221014492753623
55_2024-01-20,1,2024,2024-01-20,1,55,5,42683,1,6.607638888888889
55_2024-01-21,1,2024,2024-01-21,1,55,5,41803,1,6.860294117647059
55_2024-01-22,1,2024,2024-01-22,1,55,5,68543,1,7.611486486486487
55_2024-01-23,1,2024,2024-01-23,1,55,5,45496,1,5.05
55_2024-01-24,2,2024,2024-01-24,1,55,5,0,1,0
55_2024-01-25,1,2024,2024-01-25,1,55,5,46225,4,8.99421965317919
55_2024-01-26,1,2024,2024-01-26,1,55,5,49424,1,7.271493212669683
56_2024-01-01,3,2024,2024-01-01,1,56,5,28140,4,16.85053380782918
56_2024-01-02,1,2024,2024-01-02,1,56,5,45452,4,16.347368421052632
56_2024-01-03,1,2024,2024-01-03,1,56,5,42069,4,16.906976744186046
56_2024-01-04,1,2024,2024-01-04,1,56,5,45532,4,16.399280575539567
56_2024-01-05,1,2024,2024-01-05,1,56,5,47147,4,15.753787878787879
56_2024-01-06,3,2024,2024-01-06,1,56,5,33928,4,15.86046511627907
56_2024-01-07,3,2024,2024-01-07,1,56,5,31117,4,14.76595744680851
56_2024-01-08,1,2024,2024-01-08,1,56,5,46381,4,14.376306620209059
56_2024-01-09,1,2024,2024-01-09,1,56,5,47490,4,15.10943396226415
56_2024-01-10,1,2024,2024-01-10,1,56,5,51601,4,15.19205298013245
56_2024-01-11,1,2024,2024-01-11,1,56,5,48613,4,15.511029411764707
56_2024-01-12,1,2024,2024-01-12,1,56,5,51763,4,15.037453183520599
56_2024-01-13,1,2024,2024-01-13,1,56,5,42993,4,16.053571428571427
56_2024-01-14,3,2024,2024-01-14,1,56,5,33045,4,17.57608695652174
56_2024-01-15,1,2024,2024-01-15,1,56,5,51174,4,15.50498338870432
56_2024-01-16,1,2024,2024-01-16,1,56,5,52153,4,16.049230769230768
56_2024-01-17,1,2024,2024-01-17,1,56,5,42381,4,15.517374517374517
56_2024-01-18,1,2024,2024-01-18,1,56,5,49494,4,15.438356164383562
56_2024-01-19,1,2024,2024-01-19,1,56,5,43877,4,15.061946902654867
56_2024-01-20,1,2024,2024-01-20,1,56,5,45038,4,16.53105590062112
56_2024-01-21,3,2024,2024-01-21,1,56,5,29052,4,17.056818181818183
56_2024-01-22,3,2024,2024-01-22,1,56,5,31003,4,14.797687861271676
297_2024-01-01,2,2024,2024-01-01,1,297,6,0,1,0
297_2024-01-02,2,2024,2024-01-02,1,297,6,0,1,0
297_2024-01-04,2,2024,2024-01-04,1,297,6,0,1,0
297_2024-01-03,2,2024,2024-01-03,1,297,6,0,1,0
297_2024-01-05,2,2024,2024-01-05,1,297,6,0,1,0
297_2024-01-06,2,2024,2024-01-06,1,297,6,0,1,0
297_2024-01-07,2,2024,2024-01-07,1,297,6,0,1,0
297_2024-01-08,2,2024,2024-01-08,1,297,6,2,1,0
297_2024-01-09,4,2024,2024-01-09,1,297,6,7612,1,0
297_2024-01-10,0,2024,2024-01-10,1,297,6,15850,1,0
297_2024-01-11,0,2024,2024-01-11,1,297,6,14293,1,0
297_2024-01-12,0,2024,2024-01-12,1,297,6,14222,1,0
297_2024-01-13,4,2024,2024-01-13,1,297,6,9365,1,0
297_2024-01-14,4,2024,2024-01-14,1,297,6,8591,1,0
297_2024-01-15,4,2024,2024-01-15,1,297,6,12439,1,0
297_2024-01-16,0,2024,2024-01-16,1,297,6,13045,1,0
297_2024-01-17,0,2024,2024-01-17,1,297,6,14334,1,0
297_2024-01-18,0,2024,2024-01-18,1,297,6,14164,1,0
297_2024-01-19,0,2024,2024-01-19,1,297,6,14966,1,0
297_2024-01-20,4,2024,2024-01-20,1,297,6,8753,1,0
297_2024-01-21,4,2024,2024-01-21,1,297,6,8201,1,0
297_2024-01-22,0,2024,2024-01-22,1,297,6,13276,1,0
297_2024-01-23,0,2024,2024-01-23,1,297,6,13615,1,0
297_2024-01-24,0,2024,2024-01-24,1,297,6,14049,1,0
297_2024-01-25,4,2024,2024-01-25,1,297,6,12506,1,0
297_2024-01-26,0,2024,2024-01-26,1,297,6,14452,1,0
297_2024-01-27,4,2024,2024-01-27,1,297,6,9814,1,0
297_2024-01-28,4,2024,2024-01-28,1,297,6,7697,1,0
297_2024-01-29,4,2024,2024-01-29,1,297,6,12752,1,0
297_2024-01-30,4,2024,2024-01-30,1,297,6,12243,1,0
297_2024-01-31,0,2024,2024-01-31,1,297,6,12933,1,0
297_2024-02-01,0,2024,2024-02-01,1,297,6,15038,1,0
297_2024-02-02,0,2024,2024-02-02,1,297,6,15286,1,0
297_2024-02-03,4,2024,2024-02-03,1,297,6,10362,1,0
297_2024-02-04,4,2024,2024-02-04,1,297,6,6930,1,0
297_2024-02-05,4,2024,2024-02-05,1,297,6,12511,1,0
297_2024-02-06,0,2024,2024-02-06,1,297,6,13597,1,0
297_2024-02-07,0,2024,2024-02-07,1,297,6,13607,1,0
297_2024-02-08,0,2024,2024-02-08,1,297,6,15282,1,0
297_2024-02-09,0,2024,2024-02-09,1,297,6,14946,1,0
297_2024-02-10,4,2024,2024-02-10,1,297,6,10540,1,0
297_2024-02-11,4,2024,2024-02-11,1,297,6,7467,1,0
297_2024-02-12,0,2024,2024-02-12,1,297,6,13312,1,0
297_2024-02-13,4,2024,2024-02-13,1,297,6,12251,1,0
297_2024-02-14,0,2024,2024-02-14,1,297,6,14661,1,0
297_2024-02-15,0,2024,2024-02-15,1,297,6,14546,1,0
297_2024-02-16,0,2024,2024-02-16,1,297,6,14827,1,0
297_2024-02-17,4,2024,2024-02-17,1,297,6,10739,1,0
297_2024-02-18,4,2024,2024-02-18,1,297,6,7999,1,0
297_2024-02-19,4,2024,2024-02-19,1,297,6,12421,1,0
297_2024-02-20,0,2024,2024-02-20,1,297,6,14320,1,0
297_2024-02-21,0,2024,2024-02-21,1,297,6,13739,1,0
297_2024-02-22,0,2024,2024-02-22,1,297,6,13501,1,0
297_2024-02-23,0,2024,2024-02-23,1,297,6,15974,1,0
297_2024-02-24,4,2024,2024-02-24,1,297,6,11665,1,0
297_2024-02-25,4,2024,2024-02-25,1,297,6,8384,1,0
297_2024-02-26,0,2024,2024-02-26,1,297,6,14443,1,0
297_2024-02-27,4,2024,2024-02-27,1,297,6,10490,1,0
297_2024-02-28,0,2024,2024-02-28,1,297,6,15625,1,0
297_2024-02-29,0,2024,2024-02-29,1,297,6,15566,1,0
297_2024-03-01,0,2024,2024-03-01,1,297,6,14794,1,0
297_2024-03-02,4,2024,2024-03-02,1,297,6,11015,1,0
297_2024-03-03,4,2024,2024-03-03,1,297,6,8258,1,0
297_2024-03-05,0,2024,2024-03-05,1,297,6,13659,1,0
297_2024-03-04,0,2024,2024-03-04,1,297,6,13023,1,0
297_2024-03-06,0,2024,2024-03-06,1,297,6,13264,1,0
297_2024-03-07,0,2024,2024-03-07,1,297,6,13841,1,0
297_2024-03-08,0,2024,2024-03-08,1,297,6,14700,1,0
297_2024-03-09,4,2024,2024-03-09,1,297,6,10379,1,0
297_2024-03-11,4,2024,2024-03-11,1,297,6,11084,1,0
297_2024-03-12,0,2024,2024-03-12,1,297,6,14328,1,0
297_2024-03-13,0,2024,2024-03-13,1,297,6,13773,1,0
297_2024-03-14,0,2024,2024-03-14,1,297,6,14483,1,0
297_2024-03-15,0,2024,2024-03-15,1,297,6,14035,1,0
297_2024-03-17,4,2024,2024-03-17,1,297,6,7788,1,0
297_2024-03-16,4,2024,2024-03-16,1,297,6,9329,1,0
297_2024-03-18,0,2024,2024-03-18,1,297,6,13692,1,0
297_2024-03-19,0,2024,2024-03-19,1,297,6,13729,1,0
297_2024-03-20,4,2024,2024-03-20,1,297,6,7718,1,0
297_2024-03-21,2,2024,2024-03-21,2,297,6,70,1,0
346_2024-01-01,0,2024,2024-01-01,1,346,6,14624,1,0
346_2024-01-02,0,2024,2024-01-02,1,346,6,14537,1,0
346_2024-01-03,3,2024,2024-01-03,1,346,6,31716,1,0
346_2024-01-04,1,2024,2024-01-04,1,346,6,38020,1,0
346_2024-01-05,3,2024,2024-01-05,1,346,6,28758,1,0
346_2024-01-06,4,2024,2024-01-06,1,346,6,10472,1,0
346_2024-01-07,3,2024,2024-01-07,1,346,6,24135,1,0
346_2024-01-08,3,2024,2024-01-08,1,346,6,31955,1,0
346_2024-01-09,3,2024,2024-01-09,1,346,6,22867,1,0
346_2024-01-10,3,2024,2024-01-10,1,346,6,31854,1,0
346_2024-01-11,3,2024,2024-01-11,1,346,6,26811,1,0
346_2024-01-12,3,2024,2024-01-12,1,346,6,24077,1,0
346_2024-01-13,3,2024,2024-01-13,1,346,6,36492,1,0
346_2024-01-14,3,2024,2024-01-14,1,346,6,20779,1,0
346_2024-01-15,3,2024,2024-01-15,1,346,6,22252,1,0
346_2024-01-16,3,2024,2024-01-16,1,346,6,35348,1,0
346_2024-01-17,3,2024,2024-01-17,1,346,6,23148,1,0
346_2024-01-18,0,2024,2024-01-18,1,346,6,16004,1,0
346_2024-01-19,0,2024,2024-01-19,1,346,6,19598,1,0
346_2024-01-20,3,2024,2024-01-20,1,346,6,30278,1,0
346_2024-01-21,3,2024,2024-01-21,1,346,6,24998,1,0
346_2024-01-22,3,2024,2024-01-22,1,346,6,23182,1,0
346_2024-01-23,3,2024,2024-01-23,1,346,6,20822,1,0
346_2024-01-24,1,2024,2024-01-24,1,346,6,40000,1,0
346_2024-01-25,1,2024,2024-01-25,1,346,6,38212,1,0
346_2024-01-26,3,2024,2024-01-26,1,346,6,27410,1,0
346_2024-01-27,3,2024,2024-01-27,1,346,6,27349,1,0
346_2024-01-28,3,2024,2024-01-28,1,346,6,25448,1,0
346_2024-01-29,3,2024,2024-01-29,1,346,6,29624,1,0
346_2024-01-30,3,2024,2024-01-30,1,346,6,21323,1,0
346_2024-01-31,3,2024,2024-01-31,1,346,6,27790,1,0
346_2024-02-01,1,2024,2024-02-01,1,346,6,39810,1,0
346_2024-02-02,3,2024,2024-02-02,1,346,6,32609,1,0
346_2024-02-03,3,2024,2024-02-03,1,346,6,20535,1,0
346_2024-02-04,3,2024,2024-02-04,1,346,6,29917,1,0
346_2024-02-05,3,2024,2024-02-05,1,346,6,28013,1,0
346_2024-02-06,3,2024,2024-02-06,1,346,6,24157,1,0
346_2024-02-07,3,2024,2024-02-07,1,346,6,22176,1,0
346_2024-02-08,3,2024,2024-02-08,1,346,6,32870,1,0
346_2024-02-09,3,2024,2024-02-09,1,346,6,23244,1,0
346_2024-02-10,0,2024,2024-02-10,1,346,6,13797,1,0
346_2024-02-11,3,2024,2024-02-11,1,346,6,21447,1,0
346_2024-02-12,3,2024,2024-02-12,1,346,6,28375,1,0
346_2024-02-13,3,2024,2024-02-13,1,346,6,25034,1,0
346_2024-02-14,3,2024,2024-02-14,1,346,6,23245,1,0
346_2024-02-15,1,2024,2024-02-15,1,346,6,38792,1,0
346_2024-02-16,3,2024,2024-02-16,1,346,6,25535,1,0
346_2024-02-17,3,2024,2024-02-17,1,346,6,21988,1,0
346_2024-02-18,3,2024,2024-02-18,1,346,6,29585,1,0
346_2024-02-19,3,2024,2024-02-19,1,346,6,26449,1,0
346_2024-02-20,3,2024,2024-02-20,1,346,6,29654,1,0
346_2024-02-21,3,2024,2024-02-21,1,346,6,26026,1,0
346_2024-02-22,3,2024,2024-02-22,1,346,6,28722,1,0
346_2024-02-23,0,2024,2024-02-23,1,346,6,18795,1,0
346_2024-02-24,3,2024,2024-02-24,1,346,6,20951,1,0
346_2024-02-25,0,2024,2024-02-25,1,346,6,18091,1,0
346_2024-02-26,3,2024,2024-02-26,1,346,6,28520,1,0
346_2024-02-27,2,2024,2024-02-27,1,346,6,2813,1,0
346_2024-02-28,3,2024,2024-02-28,1,346,6,24519,1,0
346_2024-02-29,0,2024,2024-02-29,1,346,6,16107,1,0
346_2024-03-01,2,2024,2024-03-01,2,346,6,3555,1,0
645_2024-01-01,2,2024,2024-01-01,1,645,6,0,1,0
645_2024-01-02,2,2024,2024-01-02,1,645,6,0,1,0
645_2024-01-03,2,2024,2024-01-03,1,645,6,0,1,0
645_2024-01-04,2,2024,2024-01-04,1,645,6,0,1,0
645_2024-01-05,2,2024,2024-01-05,1,645,6,0,1,0
645_2024-01-06,2,2024,2024-01-06,1,645,6,0,1,0
645_2024-01-07,2,2024,2024-01-07,1,645,6,0,1,0
645_2024-01-08,2,2024,2024-01-08,1,645,6,0,1,0
645_2024-01-09,2,2024,2024-01-09,1,645,6,0,1,0
645_2024-01-10,2,2024,2024-01-10,1,645,6,0,1,0
645_2024-01-11,2,2024,2024-01-11,1,645,6,0,1,0
645_2024-01-12,2,2024,2024-01-12,1,645,6,0,1,0
645_2024-01-13,2,2024,2024-01-13,1,645,6,0,1,0
645_2024-01-14,2,2024,2024-01-14,1,645,6,0,1,0
645_2024-01-15,2,2024,2024-01-15,1,645,6,0,1,0
645_2024-01-16,2,2024,2024-01-16,1,645,6,0,1,0
645_2024-01-17,2,2024,2024-01-17,1,645,6,0,1,0
645_2024-01-18,2,2024,2024-01-18,1,645,6,0,1,0
645_2024-01-19,2,2024,2024-01-19,1,645,6,0,1,0
645_2024-01-20,2,2024,2024-01-20,1,645,6,0,1,0
645_2024-01-21,2,2024,2024-01-21,1,645,6,0,1,0
645_2024-01-22,2,2024,2024-01-22,1,645,6,0,1,0
645_2024-01-23,2,2024,2024-01-23,1,645,6,0,1,0
645_2024-01-24,2,2024,2024-01-24,1,645,6,0,1,0
645_2024-01-25,2,2024,2024-01-25,1,645,6,0,1,0
645_2024-01-26,2,2024,2024-01-26,1,645,6,0,1,0
645_2024-01-27,2,2024,2024-01-27,1,645,6,0,1,0
645_2024-01-28,2,2024,2024-01-28,1,645,6,0,1,0
645_2024-01-29,2,2024,2024-01-29,1,645,6,0,1,0
645_2024-01-30,2,2024,2024-01-30,1,645,6,0,1,0
645_2024-01-31,2,2024,2024-01-31,1,645,6,0,1,0
645_2024-02-01,2,2024,2024-02-01,1,645,6,0,1,0
645_2024-02-02,2,2024,2024-02-02,1,645,6,0,1,0
645_2024-02-03,2,2024,2024-02-03,1,645,6,0,1,0
645_2024-02-04,2,2024,2024-02-04,1,645,6,0,1,0
645_2024-02-05,2,2024,2024-02-05,1,645,6,0,1,0
645_2024-02-06,2,2024,2024-02-06,1,645,6,0,1,0
645_2024-02-07,2,2024,2024-02-07,1,645,6,0,1,0
645_2024-02-08,2,2024,2024-02-08,1,645,6,0,1,0
645_2024-02-09,2,2024,2024-02-09,1,645,6,0,1,0
645_2024-02-10,2,2024,2024-02-10,1,645,6,0,1,0
645_2024-02-11,2,2024,2024-02-11,1,645,6,0,1,0
645_2024-02-12,2,2024,2024-02-12,1,645,6,0,1,0
645_2024-02-13,2,2024,2024-02-13,1,645,6,0,1,0
645_2024-02-14,2,2024,2024-02-14,1,645,6,0,1,0
645_2024-02-15,2,2024,2024-02-15,1,645,6,0,1,0
645_2024-02-16,2,2024,2024-02-16,1,645,6,0,1,0
645_2024-02-17,2,2024,2024-02-17,1,645,6,0,1,0
645_2024-02-18,2,2024,2024-02-18,1,645,6,0,1,0
645_2024-02-19,2,2024,2024-02-19,1,645,6,0,1,0
645_2024-02-20,2,2024,2024-02-20,1,645,6,0,1,0
645_2024-02-21,2,2024,2024-02-21,1,645,6,0,1,0
645_2024-02-22,2,2024,2024-02-22,1,645,6,0,1,0
645_2024-02-23,2,2024,2024-02-23,1,645,6,0,1,0
645_2024-02-25,2,2024,2024-02-25,1,645,6,0,1,0
645_2024-02-24,2,2024,2024-02-24,1,645,6,0,1,0
645_2024-02-26,2,2024,2024-02-26,1,645,6,0,1,0
645_2024-02-27,2,2024,2024-02-27,1,645,6,0,1,0
645_2024-02-28,2,2024,2024-02-28,1,645,6,0,1,0
645_2024-02-29,2,2024,2024-02-29,1,645,6,0,1,0
645_2024-03-01,2,2024,2024-03-01,1,645,6,0,1,0
645_2024-03-02,2,2024,2024-03-02,1,645,6,0,1,0
645_2024-03-03,2,2024,2024-03-03,1,645,6,0,1,0
645_2024-03-04,2,2024,2024-03-04,1,645,6,0,1,0
645_2024-03-05,2,2024,2024-03-05,1,645,6,0,1,0
645_2024-03-06,2,2024,2024-03-06,1,645,6,0,1,0
645_2024-03-07,2,2024,2024-03-07,1,645,6,0,1,0
645_2024-03-08,2,2024,2024-03-08,1,645,6,0,1,0
645_2024-03-09,2,2024,2024-03-09,1,645,6,0,1,0
645_2024-03-11,2,2024,2024-03-11,1,645,6,0,1,0
645_2024-03-12,2,2024,2024-03-12,1,645,6,0,1,0
645_2024-03-13,2,2024,2024-03-13,1,645,6,0,1,0
645_2024-03-14,2,2024,2024-03-14,1,645,6,0,1,0
645_2024-03-15,2,2024,2024-03-15,1,645,6,0,1,0
645_2024-03-16,2,2024,2024-03-16,1,645,6,0,1,0
645_2024-03-17,2,2024,2024-03-17,1,645,6,0,1,0
645_2024-03-18,2,2024,2024-03-18,1,645,6,0,1,0
645_2024-03-19,2,2024,2024-03-19,1,645,6,0,1,0
645_2024-03-20,2,2024,2024-03-20,1,645,6,0,1,0
645_2024-03-21,2,2024,2024-03-21,1,645,6,0,1,0
645_2024-03-22,2,2024,2024-03-22,1,645,6,0,1,0
645_2024-03-23,2,2024,2024-03-23,1,645,6,0,1,0
645_2024-03-24,2,2024,2024-03-24,1,645,6,0,1,0
645_2024-03-25,2,2024,2024-03-25,1,645,6,0,1,0
645_2024-03-26,2,2024,2024-03-26,1,645,6,0,1,0
645_2024-03-27,2,2024,2024-03-27,1,645,6,0,1,0
645_2024-03-28,2,2024,2024-03-28,1,645,6,0,1,0
645_2024-03-29,2,2024,2024-03-29,1,645,6,0,1,0
645_2024-03-30,2,2024,2024-03-30,1,645,6,0,1,0
645_2024-04-01,2,2024,2024-04-01,1,645,6,0,1,0
645_2024-03-31,2,2024,2024-03-31,1,645,6,0,1,0
645_2024-04-02,2,2024,2024-04-02,1,645,6,0,1,0
645_2024-04-03,2,2024,2024-04-03,1,645,6,0,1,0
645_2024-04-04,2,2024,2024-04-04,1,645,6,0,1,0
645_2024-04-05,2,2024,2024-04-05,1,645,6,0,1,0
645_2024-04-06,2,2024,2024-04-06,1,645,6,0,1,0
645_2024-04-07,2,2024,2024-04-07,1,645,6,0,1,0
645_2024-04-08,2,2024,2024-04-08,1,645,6,0,1,0
645_2024-04-09,2,2024,2024-04-09,1,645,6,0,1,0
645_2024-04-10,2,2024,2024-04-10,1,645,6,0,1,0
645_2024-04-11,2,2024,2024-04-11,1,645,6,0,1,0
645_2024-04-12,2,2024,2024-04-12,1,645,6,0,1,0
645_2024-04-13,2,2024,2024-04-13,1,645,6,0,1,0
645_2024-04-14,2,2024,2024-04-14,1,645,6,0,1,0
645_2024-04-15,2,2024,2024-04-15,1,645,6,0,1,0
645_2024-04-16,2,2024,2024-04-16,1,645,6,0,1,0
645_2024-04-17,2,2024,2024-04-17,1,645,6,0,1,0
645_2024-04-18,2,2024,2024-04-18,1,645,6,0,1,0
645_2024-04-19,2,2024,2024-04-19,1,645,6,0,1,0
645_2024-04-20,2,2024,2024-04-20,1,645,6,0,1,0
645_2024-04-21,2,2024,2024-04-21,1,645,6,0,1,0
645_2024-04-22,2,2024,2024-04-22,1,645,6,0,1,0
645_2024-04-23,2,2024,2024-04-23,1,645,6,0,1,0
645_2024-04-24,2,2024,2024-04-24,1,645,6,0,1,0
645_2024-04-25,2,2024,2024-04-25,1,645,6,0,1,0
645_2024-04-26,2,2024,2024-04-26,1,645,6,0,1,0
645_2024-04-27,2,2024,2024-04-27,1,645,6,0,1,0
645_2024-04-28,2,2024,2024-04-28,1,645,6,0,1,0
645_2024-04-29,2,2024,2024-04-29,1,645,6,0,1,0
645_2024-04-30,2,2024,2024-04-30,1,645,6,0,1,0
645_2024-05-01,2,2024,2024-05-01,1,645,6,0,1,0
645_2024-05-02,2,2024,2024-05-02,1,645,6,0,1,0
645_2024-05-03,2,2024,2024-05-03,1,645,6,0,1,0
645_2024-05-04,2,2024,2024-05-04,1,645,6,0,1,0
645_2024-05-05,2,2024,2024-05-05,1,645,6,0,1,0
645_2024-05-06,2,2024,2024-05-06,1,645,6,0,1,0
645_2024-05-07,2,2024,2024-05-07,1,645,6,0,1,0
645_2024-05-08,2,2024,2024-05-08,1,645,6,0,1,0
645_2024-05-09,2,2024,2024-05-09,1,645,6,0,1,0
645_2024-05-10,2,2024,2024-05-10,1,645,6,0,1,0
645_2024-05-11,2,2024,2024-05-11,1,645,6,0,1,0
645_2024-05-12,2,2024,2024-05-12,1,645,6,0,1,0
645_2024-05-13,2,2024,2024-05-13,1,645,6,0,1,0
645_2024-05-14,2,2024,2024-05-14,1,645,6,0,1,0
645_2024-05-15,2,2024,2024-05-15,1,645,6,0,1,0
645_2024-05-16,2,2024,2024-05-16,1,645,6,0,1,0
645_2024-05-17,2,2024,2024-05-17,1,645,6,0,1,0
645_2024-05-18,2,2024,2024-05-18,1,645,6,0,1,0
645_2024-05-19,2,2024,2024-05-19,1,645,6,0,1,0
645_2024-05-21,2,2024,2024-05-21,1,645,6,0,1,0
645_2024-05-20,2,2024,2024-05-20,1,645,6,0,1,0
645_2024-05-22,2,2024,2024-05-22,1,645,6,0,1,0
645_2024-05-23,2,2024,2024-05-23,1,645,6,0,1,0
645_2024-05-24,2,2024,2024-05-24,1,645,6,0,1,0
645_2024-05-25,2,2024,2024-05-25,1,645,6,0,1,0
645_2024-05-26,2,2024,2024-05-26,1,645,6,0,1,0
645_2024-05-27,2,2024,2024-05-27,1,645,6,0,1,0
645_2024-05-28,2,2024,2024-05-28,1,645,6,0,1,0
645_2024-05-29,2,2024,2024-05-29,1,645,6,0,1,0
645_2024-05-30,2,2024,2024-05-30,1,645,6,0,1,0
645_2024-05-31,2,2024,2024-05-31,1,645,6,0,1,0
645_2024-06-01,2,2024,2024-06-01,1,645,6,0,1,0
645_2024-06-02,2,2024,2024-06-02,1,645,6,0,1,0
645_2024-06-03,2,2024,2024-06-03,1,645,6,0,1,0
645_2024-06-04,2,2024,2024-06-04,1,645,6,0,1,0
645_2024-06-05,2,2024,2024-06-05,1,645,6,0,1,0
645_2024-06-06,2,2024,2024-06-06,1,645,6,0,1,0
645_2024-06-07,2,2024,2024-06-07,1,645,6,0,1,0
645_2024-06-08,2,2024,2024-06-08,1,645,6,0,1,0
645_2024-06-09,2,2024,2024-06-09,1,645,6,0,1,0
645_2024-06-10,2,2024,2024-06-10,1,645,6,0,1,0
645_2024-06-11,2,2024,2024-06-11,1,645,6,0,1,0
645_2024-06-12,2,2024,2024-06-12,1,645,6,0,1,0
645_2024-06-13,2,2024,2024-06-13,1,645,6,0,1,0
645_2024-06-14,2,2024,2024-06-14,1,645,6,0,1,0
645_2024-06-15,2,2024,2024-06-15,1,645,6,0,1,0
645_2024-06-16,2,2024,2024-06-16,1,645,6,0,1,0
645_2024-06-17,2,2024,2024-06-17,1,645,6,0,1,0
645_2024-06-18,2,2024,2024-06-18,1,645,6,0,1,0
645_2024-06-19,2,2024,2024-06-19,1,645,6,0,1,0
645_2024-06-20,2,2024,2024-06-20,1,645,6,0,1,0
645_2024-06-21,2,2024,2024-06-21,1,645,6,0,1,0
645_2024-06-22,2,2024,2024-06-22,1,645,6,0,1,0
645_2024-06-23,2,2024,2024-06-23,1,645,6,0,1,0
645_2024-06-24,2,2024,2024-06-24,1,645,6,0,1,0
645_2024-06-25,2,2024,2024-06-25,1,645,6,0,1,0
645_2024-06-26,2,2024,2024-06-26,1,645,6,0,1,0
645_2024-06-27,2,2024,2024-06-27,1,645,6,0,1,0
645_2024-06-28,2,2024,2024-06-28,1,645,6,0,1,0
645_2024-06-29,2,2024,2024-06-29,1,645,6,0,1,0
645_2024-06-30,2,2024,2024-06-30,1,645,6,0,1,0
645_2024-07-01,2,2024,2024-07-01,1,645,6,0,1,0
645_2024-07-03,2,2024,2024-07-03,1,645,6,0,1,0
645_2024-07-02,2,2024,2024-07-02,1,645,6,0,1,0
645_2024-07-04,2,2024,2024-07-04,1,645,6,0,1,0
645_2024-07-05,2,2024,2024-07-05,1,645,6,0,1,0
645_2024-07-07,2,2024,2024-07-07,1,645,6,0,1,0
645_2024-07-06,2,2024,2024-07-06,1,645,6,0,1,0
645_2024-07-08,2,2024,2024-07-08,1,645,6,0,1,0
645_2024-07-09,2,2024,2024-07-09,1,645,6,0,1,0
645_2024-07-10,2,2024,2024-07-10,1,645,6,0,1,0
645_2024-07-11,2,2024,2024-07-11,1,645,6,0,1,0
645_2024-07-12,2,2024,2024-07-12,1,645,6,0,1,0
645_2024-07-13,2,2024,2024-07-13,1,645,6,0,1,0
645_2024-07-14,2,2024,2024-07-14,1,645,6,0,1,0
645_2024-07-15,2,2024,2024-07-15,1,645,6,0,1,0
645_2024-07-16,2,2024,2024-07-16,1,645,6,0,1,0
645_2024-07-17,2,2024,2024-07-17,1,645,6,0,1,0
645_2024-07-18,2,2024,2024-07-18,1,645,6,0,1,0
645_2024-07-19,2,2024,2024-07-19,1,645,6,0,1,0
645_2024-07-20,2,2024,2024-07-20,1,645,6,0,1,0
645_2024-07-21,2,2024,2024-07-21,1,645,6,0,1,0
645_2024-07-22,2,2024,2024-07-22,1,645,6,0,1,0
645_2024-07-23,2,2024,2024-07-23,1,645,6,0,1,0
645_2024-07-24,2,2024,2024-07-24,1,645,6,0,1,0
645_2024-07-25,2,2024,2024-07-25,1,645,6,0,1,0
645_2024-07-26,2,2024,2024-07-26,1,645,6,0,1,0
645_2024-07-27,2,2024,2024-07-27,1,645,6,0,1,0
645_2024-07-28,2,2024,2024-07-28,1,645,6,0,1,0
645_2024-07-29,2,2024,2024-07-29,1,645,6,0,1,0
645_2024-07-30,2,2024,2024-07-30,1,645,6,0,1,0
645_2024-07-31,2,2024,2024-07-31,1,645,6,0,1,0
645_2024-08-01,2,2024,2024-08-01,1,645,6,0,1,0
645_2024-08-02,2,2024,2024-08-02,1,645,6,0,1,0
1069_2024-01-01,4,2024,2024-01-01,1,1069,6,10236,1,0
1069_2024-01-02,0,2024,2024-01-02,1,1069,6,14754,1,0
1069_2024-01-03,0,2024,2024-01-03,1,1069,6,15487,1,0
1069_2024-01-04,3,2024,2024-01-04,1,1069,6,21586,1,0
1069_2024-01-05,0,2024,2024-01-05,1,1069,6,18352,1,0
1069_2024-01-06,4,2024,2024-01-06,1,1069,6,10187,1,0
1069_2024-01-07,4,2024,2024-01-07,1,1069,6,9476,1,0
1069_2024-01-08,3,2024,2024-01-08,1,1069,6,23172,1,0
1069_2024-01-09,0,2024,2024-01-09,1,1069,6,19406,1,0
1069_2024-01-10,0,2024,2024-01-10,1,1069,6,16808,1,0
1069_2024-01-11,0,2024,2024-01-11,1,1069,6,16520,1,0
1069_2024-01-12,3,2024,2024-01-12,1,1069,6,26572,1,0
1069_2024-01-13,4,2024,2024-01-13,1,1069,6,12750,1,0
1069_2024-01-14,4,2024,2024-01-14,1,1069,6,8808,1,0
1069_2024-01-16,3,2024,2024-01-16,1,1069,6,22440,1,0
1069_2024-01-15,3,2024,2024-01-15,1,1069,6,21211,1,0
1069_2024-01-17,3,2024,2024-01-17,1,1069,6,23138,1,0
1069_2024-01-18,0,2024,2024-01-18,1,1069,6,17968,1,0
1069_2024-01-19,0,2024,2024-01-19,1,1069,6,19996,1,0
1069_2024-01-20,4,2024,2024-01-20,1,1069,6,9755,1,0
1069_2024-01-21,4,2024,2024-01-21,1,1069,6,10897,1,0
1069_2024-01-22,3,2024,2024-01-22,1,1069,6,20940,1,0
1069_2024-01-23,0,2024,2024-01-23,1,1069,6,19819,1,0
1069_2024-01-24,3,2024,2024-01-24,1,1069,6,23061,1,0
1069_2024-01-25,0,2024,2024-01-25,1,1069,6,16993,1,0
1069_2024-01-26,3,2024,2024-01-26,1,1069,6,20875,1,0
1069_2024-01-27,0,2024,2024-01-27,1,1069,6,13465,1,0
1069_2024-01-28,4,2024,2024-01-28,1,1069,6,10301,1,0
1069_2024-01-29,3,2024,2024-01-29,1,1069,6,24177,1,0
1069_2024-01-30,0,2024,2024-01-30,1,1069,6,17586,1,0
1069_2024-01-31,0,2024,2024-01-31,1,1069,6,19936,1,0
1069_2024-02-01,0,2024,2024-02-01,1,1069,6,16616,1,0
1069_2024-02-02,3,2024,2024-02-02,1,1069,6,21087,1,0
1069_2024-02-03,0,2024,2024-02-03,1,1069,6,18025,1,0
1069_2024-02-04,4,2024,2024-02-04,1,1069,6,8645,1,0
1069_2024-02-05,0,2024,2024-02-05,1,1069,6,17586,1,0
1069_2024-02-06,3,2024,2024-02-06,1,1069,6,23799,1,0
1069_2024-02-07,0,2024,2024-02-07,1,1069,6,14239,1,0
1069_2024-02-08,0,2024,2024-02-08,1,1069,6,16668,1,0
1069_2024-02-09,0,2024,2024-02-09,1,1069,6,19695,1,0
1069_2024-02-10,0,2024,2024-02-10,1,1069,6,18719,1,0
1069_2024-02-11,4,2024,2024-02-11,1,1069,6,9646,1,0
1069_2024-02-12,0,2024,2024-02-12,1,1069,6,17470,1,0
1069_2024-02-13,0,2024,2024-02-13,1,1069,6,16571,1,0
1069_2024-02-14,3,2024,2024-02-14,1,1069,6,26588,1,0
1069_2024-02-15,3,2024,2024-02-15,1,1069,6,21469,1,0
1069_2024-02-16,0,2024,2024-02-16,1,1069,6,17388,1,0
1069_2024-02-17,4,2024,2024-02-17,1,1069,6,10891,1,0
1069_2024-02-18,0,2024,2024-02-18,1,1069,6,12907,1,0
1069_2024-02-19,0,2024,2024-02-19,1,1069,6,18172,1,0
1069_2024-02-20,0,2024,2024-02-20,1,1069,6,18761,1,0
1069_2024-02-21,0,2024,2024-02-21,1,1069,6,13454,1,0
1069_2024-02-22,3,2024,2024-02-22,1,1069,6,23612,1,0
1069_2024-02-23,3,2024,2024-02-23,1,1069,6,21682,1,0
1069_2024-02-24,0,2024,2024-02-24,1,1069,6,14965,1,0
1069_2024-02-25,4,2024,2024-02-25,1,1069,6,8005,1,0
1069_2024-02-26,3,2024,2024-02-26,1,1069,6,24920,1,0
1069_2024-02-27,0,2024,2024-02-27,1,1069,6,15051,1,0
1069_2024-02-28,0,2024,2024-02-28,1,1069,6,18798,1,0
1069_2024-02-29,0,2024,2024-02-29,1,1069,6,18044,1,0
1069_2024-03-01,0,2024,2024-03-01,1,1069,6,18774,1,0
1069_2024-03-02,0,2024,2024-03-02,1,1069,6,17988,1,0
1069_2024-03-03,4,2024,2024-03-03,1,1069,6,11597,1,0
1069_2024-03-04,0,2024,2024-03-04,1,1069,6,15968,1,0
1069_2024-03-05,0,2024,2024-03-05,1,1069,6,18639,1,0
1069_2024-03-06,3,2024,2024-03-06,1,1069,6,21854,1,0
1069_2024-03-07,4,2024,2024-03-07,1,1069,6,12633,1,0
1069_2024-03-08,3,2024,2024-03-08,1,1069,6,26737,1,0
1069_2024-03-09,0,2024,2024-03-09,1,1069,6,14330,1,0
1069_2024-03-11,0,2024,2024-03-11,1,1069,6,13543,1,0
1069_2024-03-12,0,2024,2024-03-12,1,1069,6,16009,1,0
1069_2024-03-13,3,2024,2024-03-13,1,1069,6,21376,1,0
1069_2024-03-14,3,2024,2024-03-14,1,1069,6,21278,1,0
1069_2024-03-15,3,2024,2024-03-15,1,1069,6,21270,1,0
1069_2024-03-16,0,2024,2024-03-16,1,1069,6,14481,1,0
1069_2024-03-17,4,2024,2024-03-17,1,1069,6,12145,1,0
1069_2024-03-18,0,2024,2024-03-18,1,1069,6,18102,1,0
1069_2024-03-20,3,2024,2024-03-20,1,1069,6,21326,1,0
1069_2024-03-19,0,2024,2024-03-19,1,1069,6,17316,1,0
1069_2024-03-21,3,2024,2024-03-21,1,1069,6,22642,1,0
1069_2024-03-22,0,2024,2024-03-22,1,1069,6,18780,1,0
1069_2024-03-23,4,2024,2024-03-23,1,1069,6,11397,1,0
1069_2024-03-24,4,2024,2024-03-24,1,1069,6,12674,1,0
1069_2024-03-25,0,2024,2024-03-25,1,1069,6,17266,1,0
1069_2024-03-26,0,2024,2024-03-26,1,1069,6,18756,1,0
1069_2024-03-27,0,2024,2024-03-27,1,1069,6,18714,1,0
1069_2024-03-28,4,2024,2024-03-28,1,1069,6,9414,1,0
1069_2024-03-29,4,2024,2024-03-29,1,1069,6,7537,1,0
1069_2024-03-30,4,2024,2024-03-30,1,1069,6,9427,1,0
1069_2024-03-31,4,2024,2024-03-31,1,1069,6,7458,1,0
1069_2024-04-01,4,2024,2024-04-01,1,1069,6,9614,1,0
1069_2024-04-02,0,2024,2024-04-02,1,1069,6,18924,1,0
1069_2024-04-03,4,2024,2024-04-03,1,1069,6,12099,1,0
1069_2024-04-04,0,2024,2024-04-04,1,1069,6,14777,1,0
1069_2024-04-05,0,2024,2024-04-05,1,1069,6,18432,1,0
1069_2024-04-06,0,2024,2024-04-06,1,1069,6,13466,1,0
1069_2024-04-07,4,2024,2024-04-07,1,1069,6,9540,1,0
1069_2024-04-08,0,2024,2024-04-08,1,1069,6,17452,1,0
1069_2024-04-09,0,2024,2024-04-09,1,1069,6,20331,1,0
1069_2024-04-10,3,2024,2024-04-10,1,1069,6,25924,1,0
1069_2024-04-11,0,2024,2024-04-11,1,1069,6,17255,1,0
1069_2024-04-12,3,2024,2024-04-12,1,1069,6,21577,1,0
1069_2024-04-13,0,2024,2024-04-13,1,1069,6,15621,1,0
1069_2024-04-14,4,2024,2024-04-14,1,1069,6,10603,1,0
1069_2024-04-15,0,2024,2024-04-15,1,1069,6,17186,1,0
1069_2024-04-16,0,2024,2024-04-16,1,1069,6,19348,1,0
1069_2024-04-17,3,2024,2024-04-17,1,1069,6,24242,1,0
1069_2024-04-18,0,2024,2024-04-18,1,1069,6,18521,1,0
1069_2024-04-19,0,2024,2024-04-19,1,1069,6,16420,1,0
1069_2024-04-20,0,2024,2024-04-20,1,1069,6,13102,1,0
1069_2024-04-21,0,2024,2024-04-21,1,1069,6,17640,1,0
1069_2024-04-22,0,2024,2024-04-22,1,1069,6,18847,1,0
1069_2024-04-23,0,2024,2024-04-23,1,1069,6,16871,1,0
1069_2024-04-24,0,2024,2024-04-24,1,1069,6,13092,1,0
1069_2024-04-25,3,2024,2024-04-25,1,1069,6,26447,1,0
1069_2024-04-26,3,2024,2024-04-26,1,1069,6,23441,1,0
1069_2024-04-27,4,2024,2024-04-27,1,1069,6,11313,1,0
1069_2024-04-28,4,2024,2024-04-28,1,1069,6,9927,1,0
1069_2024-04-29,4,2024,2024-04-29,1,1069,6,9996,1,0
1069_2024-04-30,4,2024,2024-04-30,1,1069,6,12492,1,0
1069_2024-05-01,4,2024,2024-05-01,1,1069,6,8829,1,0
1069_2024-05-02,0,2024,2024-05-02,1,1069,6,13849,1,0
1069_2024-05-03,3,2024,2024-05-03,1,1069,6,21546,1,0
1069_2024-05-04,4,2024,2024-05-04,1,1069,6,11888,1,0
1069_2024-05-05,4,2024,2024-05-05,1,1069,6,8786,1,0
1069_2024-05-06,3,2024,2024-05-06,1,1069,6,24330,1,0
1069_2024-05-07,0,2024,2024-05-07,1,1069,6,18408,1,0
1069_2024-05-08,0,2024,2024-05-08,1,1069,6,19205,1,0
1069_2024-05-09,0,2024,2024-05-09,1,1069,6,13831,1,0
1069_2024-05-10,0,2024,2024-05-10,1,1069,6,19041,1,0
1069_2024-05-11,0,2024,2024-05-11,1,1069,6,18088,1,0
1069_2024-05-12,4,2024,2024-05-12,1,1069,6,10464,1,0
1069_2024-05-13,0,2024,2024-05-13,1,1069,6,16282,1,0
1069_2024-05-14,0,2024,2024-05-14,1,1069,6,17459,1,0
1069_2024-05-15,3,2024,2024-05-15,1,1069,6,23637,1,0
1069_2024-05-16,0,2024,2024-05-16,1,1069,6,19917,1,0
1069_2024-05-17,0,2024,2024-05-17,1,1069,6,18568,1,0
1069_2024-05-18,4,2024,2024-05-18,1,1069,6,12867,1,0
1069_2024-05-19,4,2024,2024-05-19,1,1069,6,12380,1,0
1069_2024-05-20,0,2024,2024-05-20,1,1069,6,18779,1,0
1069_2024-05-21,0,2024,2024-05-21,1,1069,6,16753,1,0
1069_2024-05-22,0,2024,2024-05-22,1,1069,6,17288,1,0
1069_2024-05-23,0,2024,2024-05-23,1,1069,6,15650,1,0
1069_2024-05-24,3,2024,2024-05-24,1,1069,6,26081,1,0
1069_2024-05-25,0,2024,2024-05-25,1,1069,6,14834,1,0
1069_2024-05-26,4,2024,2024-05-26,1,1069,6,9206,1,0
1069_2024-05-27,0,2024,2024-05-27,1,1069,6,16458,1,0
1069_2024-05-28,0,2024,2024-05-28,1,1069,6,15713,1,0
1069_2024-05-29,3,2024,2024-05-29,1,1069,6,24916,1,0
1069_2024-05-30,3,2024,2024-05-30,1,1069,6,23249,1,0
1069_2024-05-31,0,2024,2024-05-31,1,1069,6,17337,1,0
1069_2024-06-01,4,2024,2024-06-01,1,1069,6,12692,1,0
1069_2024-06-02,4,2024,2024-06-02,1,1069,6,9490,1,0
1069_2024-06-03,0,2024,2024-06-03,1,1069,6,16757,1,0
1069_2024-06-04,3,2024,2024-06-04,1,1069,6,24031,1,0
1069_2024-06-05,0,2024,2024-06-05,1,1069,6,18592,1,0
1069_2024-06-06,0,2024,2024-06-06,1,1069,6,17590,1,0
1069_2024-06-07,0,2024,2024-06-07,1,1069,6,15771,1,0
1069_2024-06-08,4,2024,2024-06-08,1,1069,6,11416,1,0
1069_2024-06-09,0,2024,2024-06-09,1,1069,6,13831,1,0
1069_2024-06-10,3,2024,2024-06-10,1,1069,6,21763,1,0
1069_2024-06-11,0,2024,2024-06-11,1,1069,6,18122,1,0
1069_2024-06-12,0,2024,2024-06-12,1,1069,6,15329,1,0
1069_2024-06-13,0,2024,2024-06-13,1,1069,6,17641,1,0
1069_2024-06-14,3,2024,2024-06-14,1,1069,6,24537,1,0
1069_2024-06-15,0,2024,2024-06-15,1,1069,6,16906,1,0
1069_2024-06-16,4,2024,2024-06-16,1,1069,6,10441,1,0
1069_2024-06-17,0,2024,2024-06-17,1,1069,6,15375,1,0
1069_2024-06-18,0,2024,2024-06-18,1,1069,6,16514,1,0
1069_2024-06-19,3,2024,2024-06-19,1,1069,6,23377,1,0
1069_2024-06-20,3,2024,2024-06-20,1,1069,6,24396,1,0
1069_2024-06-21,0,2024,2024-06-21,1,1069,6,17611,1,0
1069_2024-06-22,4,2024,2024-06-22,1,1069,6,10831,1,0
1069_2024-06-23,4,2024,2024-06-23,1,1069,6,8849,1,0
1069_2024-06-24,0,2024,2024-06-24,1,1069,6,17067,1,0
1069_2024-06-25,0,2024,2024-06-25,1,1069,6,16151,1,0
1069_2024-06-26,0,2024,2024-06-26,1,1069,6,17311,1,0
1069_2024-06-27,0,2024,2024-06-27,1,1069,6,19201,1,0
1069_2024-06-28,3,2024,2024-06-28,1,1069,6,26616,1,0
1069_2024-06-29,4,2024,2024-06-29,1,1069,6,11730,1,0
1069_2024-06-30,4,2024,2024-06-30,1,1069,6,9505,1,0
1069_2024-07-01,0,2024,2024-07-01,1,1069,6,17471,1,0
1069_2024-07-02,0,2024,2024-07-02,1,1069,6,17139,1,0
1069_2024-07-03,0,2024,2024-07-03,1,1069,6,16084,1,0
1069_2024-07-04,0,2024,2024-07-04,1,1069,6,16341,1,0
1069_2024-07-05,0,2024,2024-07-05,1,1069,6,17052,1,0
1069_2024-07-06,4,2024,2024-07-06,1,1069,6,10495,1,0
1069_2024-07-07,4,2024,2024-07-07,1,1069,6,8788,1,0
1069_2024-07-08,0,2024,2024-07-08,1,1069,6,17639,1,0
1069_2024-07-09,0,2024,2024-07-09,1,1069,6,16692,1,0
1069_2024-07-10,3,2024,2024-07-10,1,1069,6,26010,1,0
1069_2024-07-11,0,2024,2024-07-11,1,1069,6,18606,1,0
1069_2024-07-12,0,2024,2024-07-12,1,1069,6,17199,1,0
1069_2024-07-13,4,2024,2024-07-13,1,1069,6,12361,1,0
1069_2024-07-14,4,2024,2024-07-14,1,1069,6,10289,1,0
1069_2024-07-15,0,2024,2024-07-15,1,1069,6,18660,1,0
1069_2024-07-16,0,2024,2024-07-16,1,1069,6,16361,1,0
1069_2024-07-17,0,2024,2024-07-17,1,1069,6,15739,1,0
1069_2024-07-18,0,2024,2024-07-18,1,1069,6,16931,1,0
1069_2024-07-19,0,2024,2024-07-19,1,1069,6,18457,1,0
1069_2024-07-20,4,2024,2024-07-20,1,1069,6,12149,1,0
1069_2024-07-21,4,2024,2024-07-21,1,1069,6,9027,1,0
1069_2024-07-22,0,2024,2024-07-22,1,1069,6,16327,1,0
1069_2024-07-23,0,2024,2024-07-23,1,1069,6,17836,1,0
1069_2024-07-24,0,2024,2024-07-24,1,1069,6,18888,1,0
1069_2024-07-25,4,2024,2024-07-25,1,1069,6,5782,1,0
1069_2024-07-26,0,2024,2024-07-26,1,1069,6,13127,1,0
1069_2024-07-27,4,2024,2024-07-27,1,1069,6,8242,1,0
1069_2024-07-28,4,2024,2024-07-28,1,1069,6,8226,1,0
1069_2024-07-29,0,2024,2024-07-29,1,1069,6,16677,1,0
1069_2024-07-30,0,2024,2024-07-30,1,1069,6,20462,1,0
1069_2024-07-31,0,2024,2024-07-31,1,1069,6,13461,1,0
1069_2024-08-01,0,2024,2024-08-01,1,1069,6,17157,1,0
1069_2024-08-02,0,2024,2024-08-02,1,1069,6,17082,1,0
645_2024-08-03,2,2024,2024-08-03,1,645,6,0,1,0
1069_2024-08-03,4,2024,2024-08-03,1,1069,6,8373,1,0
55_2024-01-27,2,2024,2024-01-27,2,55,5,1254,1,4.461538461538462
56_2024-04-27,2,2024,2024-04-27,2,56,5,2303,4,14.5
645_2024-08-04,2,2024,2024-08-04,2,645,6,0,1,0
645_2024-08-06,2,2024,2024-08-06,2,645,6,0,1,0
645_2024-08-05,2,2024,2024-08-05,2,645,6,0,1,0
645_2024-08-07,2,2024,2024-08-07,2,645,6,0,1,0
1069_2024-08-05,2,2024,2024-08-05,2,1069,6,4360,1,0
1069_2024-08-04,2,2024,2024-08-04,2,1069,6,3917,1,0
1069_2024-08-06,4,2024,2024-08-06,2,1069,6,6565,1,0
1069_2024-08-07,2,2024,2024-08-07,2,1069,6,83,1,0
