_id,a√±o,fecha,mes,meterId,source,vehiculos,vel_media
1_2024-01-01,2024,2024-01-01,1,1,1,7930,99.14583333333333
1_2024-01-02,2024,2024-01-02,1,1,1,11950,93.66666666666667
1_2024-01-03,2024,2024-01-03,1,1,1,12908,91.85416666666667
1_2024-01-04,2024,2024-01-04,1,1,1,10792,90.91666666666667
1_2024-01-05,2024,2024-01-05,1,1,1,11180,85.85416666666667
1_2024-01-06,2024,2024-01-06,1,1,1,10566,91.02083333333333
1_2024-01-07,2024,2024-01-07,1,1,1,12206,94.0625
1_2024-01-08,2024,2024-01-08,1,1,1,13356,88.83333333333333
1_2024-01-09,2024,2024-01-09,1,1,1,13738,90.70833333333333
1_2024-01-10,2024,2024-01-10,1,1,1,17706,88.53846153846153
1_2024-01-11,2024,2024-01-11,1,1,1,16106,90.12962962962963
1_2024-01-12,2024,2024-01-12,1,1,1,29274,90.24691358024691
1_2024-01-13,2024,2024-01-13,1,1,1,20161,92.80898876404494
1_2024-01-14,2024,2024-01-14,1,1,1,11758,97.10416666666667
1_2024-01-15,2024,2024-01-15,1,1,1,13816,88.89583333333333
1_2024-01-16,2024,2024-01-16,1,1,1,9846,88.625
1_2024-01-17,2024,2024-01-17,1,1,1,15406,89.14583333333333
1_2024-01-18,2024,2024-01-18,1,1,1,14607,87.18947368421053
1_2024-01-19,2024,2024-01-19,1,1,1,8002,83.77319587628865
1_2024-01-20,2024,2024-01-20,1,1,1,3488,86.47222222222223
1_2024-01-21,2024,2024-01-21,1,1,1,8962,96.80851063829788
1_2024-01-22,2024,2024-01-22,1,1,1,2634,70.47826086956522
1_2024-01-23,2024,2024-01-23,1,1,1,1604,70.35714285714286
1_2024-01-24,2024,2024-01-24,1,1,1,3504,76.6923076923077
1_2024-01-25,2024,2024-01-25,1,1,1,3582,82.09677419354838
1_2024-01-26,2024,2024-01-26,1,1,1,214,72.44444444444444
1_2024-01-27,2024,2024-01-27,1,1,1,6382,86.5909090909091
1_2024-01-28,2024,2024-01-28,1,1,1,5542,91.1063829787234
1_2024-01-29,2024,2024-01-29,1,1,1,5580,77.83783783783784
1_2024-01-30,2024,2024-01-30,1,1,1,490,73
1_2024-01-31,2024,2024-01-31,1,1,1,9558,88.93548387096774
1_2024-02-01,2024,2024-02-01,1,1,1,672,79
1_2024-02-02,2024,2024-02-02,1,1,1,58,56.888888888888886
1_2024-02-03,2024,2024-02-03,1,1,1,110,87
1_2024-02-04,2024,2024-02-04,1,1,1,6,82.33333333333333
1_2024-02-06,2024,2024-02-06,1,1,1,13865,89.3125
1_2024-02-05,2024,2024-02-05,1,1,1,654,84.2
1_2024-02-07,2024,2024-02-07,1,1,1,7884,84.31818181818181
1_2024-02-08,2024,2024-02-08,1,1,1,16322,86.64583333333333
1_2024-02-09,2024,2024-02-09,1,1,1,6562,81.5
1_2024-02-10,2024,2024-02-10,1,1,1,5549,84.64473684210526
1_2024-02-11,2024,2024-02-11,1,1,1,556,78.36842105263158
1_2024-02-13,2024,2024-02-13,1,1,1,64,74
1_2024-02-14,2024,2024-02-14,1,1,1,172,74.125
1_2024-02-15,2024,2024-02-15,1,1,1,13508,92.21875
1_2024-02-16,2024,2024-02-16,1,1,1,18198,93.97916666666667
1_2024-02-17,2024,2024-02-17,1,1,1,13550,97.04166666666667
1_2024-02-18,2024,2024-02-18,1,1,1,14275,96.83333333333333
1_2024-02-19,2024,2024-02-19,1,1,1,14128,94.08333333333333
1_2024-02-20,2024,2024-02-20,1,1,1,7721,87.78125
1_2024-02-21,2024,2024-02-21,1,1,1,7882,86.51219512195122
1_2024-02-22,2024,2024-02-22,1,1,1,16437,88.5625
1_2024-02-23,2024,2024-02-23,1,1,1,17429,93.32291666666667
1_2024-02-24,2024,2024-02-24,1,1,1,13254,90.47916666666667
1_2024-02-25,2024,2024-02-25,1,1,1,4998,93.80434782608695
1_2024-02-26,2024,2024-02-26,1,1,1,2106,88.13333333333334
1_2024-02-27,2024,2024-02-27,1,1,1,11287,82.55263157894737
1_2024-02-28,2024,2024-02-28,1,1,1,6036,83.77631578947368
1_2024-02-29,2024,2024-02-29,1,1,1,1616,87.80952380952381
1_2024-03-01,2024,2024-03-01,1,1,1,314,88.83333333333333
1_2024-03-03,2024,2024-03-03,1,1,1,4986,93.8
1_2024-03-04,2024,2024-03-04,1,1,1,894,76
1_2024-03-05,2024,2024-03-05,1,1,1,702,91.66666666666667
1_2024-03-06,2024,2024-03-06,1,1,1,808,77
1_2024-03-07,2024,2024-03-07,1,1,1,128,82
1_2024-03-09,2024,2024-03-09,1,1,1,30,72.4
1_2024-03-11,2024,2024-03-11,1,1,1,10580,92.28125
1_2024-03-12,2024,2024-03-12,1,1,1,10084,89.125
1_2024-03-13,2024,2024-03-13,1,1,1,40,88.33333333333333
1_2024-03-15,2024,2024-03-15,1,1,1,16394,92.39393939393939
1_2024-03-14,2024,2024-03-14,1,1,1,2,50
1_2024-03-16,2024,2024-03-16,1,1,1,2092,89.04761904761905
1_2024-03-17,2024,2024-03-17,1,1,1,4833,90.0925925925926
1_2024-03-18,2024,2024-03-18,1,1,1,14902,94.11458333333333
1_2024-03-19,2024,2024-03-19,1,1,1,14854,94.04166666666667
1_2024-03-20,2024,2024-03-20,1,1,1,16192,87.14583333333333
1_2024-03-21,2024,2024-03-21,1,1,1,17512,94.9375
1_2024-03-22,2024,2024-03-22,1,1,1,19004,96.1875
1_2024-03-23,2024,2024-03-23,1,1,1,16361,99.30208333333333
1_2024-03-24,2024,2024-03-24,1,1,1,14652,102.22916666666667
1_2024-03-25,2024,2024-03-25,1,1,1,50,63.833333333333336
1_2024-03-26,2024,2024-03-26,1,1,1,48,56.1
1_2024-03-27,2024,2024-03-27,1,1,1,448,77.64285714285714
1_2024-03-28,2024,2024-03-28,1,1,1,412,80
1_2024-03-30,2024,2024-03-30,1,1,1,6894,93.9375
1_2024-03-29,2024,2024-03-29,1,1,1,20,56.666666666666664
1_2024-03-31,2024,2024-03-31,1,1,1,1418,93.44444444444444
1_2024-04-01,2024,2024-04-01,1,1,1,20,94
1_2024-04-02,2024,2024-04-02,1,1,1,4968,94.66666666666667
1_2024-04-03,2024,2024-04-03,1,1,1,1772,82.875
1_2024-04-04,2024,2024-04-04,1,1,1,862,105.83333333333333
1_2024-04-05,2024,2024-04-05,1,1,1,8074,94.95454545454545
1_2024-04-06,2024,2024-04-06,1,1,1,15348,95.38541666666667
1_2024-04-07,2024,2024-04-07,1,1,1,12700,98.02083333333333
1_2024-04-08,2024,2024-04-08,1,1,1,10630,93.1470588235294
1_2024-04-09,2024,2024-04-09,1,1,1,14124,91.58333333333333
1_2024-04-10,2024,2024-04-10,1,1,1,16000,89.91666666666667
1_2024-04-11,2024,2024-04-11,1,1,1,13432,91.8108108108108
1_2024-04-12,2024,2024-04-12,1,1,1,18740,92.875
1_2024-04-13,2024,2024-04-13,1,1,1,14886,97.29166666666667
1_2024-04-14,2024,2024-04-14,1,1,1,13794,98.77083333333333
1_2024-04-15,2024,2024-04-15,1,1,1,14999,93.60416666666667
1_2024-04-16,2024,2024-04-16,1,1,1,14748,94.4375
1_2024-04-17,2024,2024-04-17,1,1,1,15946,91.1875
1_2024-04-18,2024,2024-04-18,1,1,1,16168,89.47916666666667
1_2024-04-19,2024,2024-04-19,1,1,1,9109,87.6268656716418
1_2024-04-20,2024,2024-04-20,1,1,1,2429,86.8082191780822
1_2024-04-21,2024,2024-04-21,1,1,1,3793,90.91176470588235
1_2024-04-22,2024,2024-04-22,1,1,1,12420,94.37837837837837
1_2024-04-23,2024,2024-04-23,1,1,1,15528,95.85416666666667
1_2024-04-24,2024,2024-04-24,1,1,1,10022,89.61702127659575
1_2024-04-25,2024,2024-04-25,1,1,1,520,68.58333333333333
1_2024-04-26,2024,2024-04-26,1,1,1,2,95
1_2024-05-02,2024,2024-05-02,1,1,1,1458,91.5
1_2024-04-27,2024,2024-04-27,1,1,1,4,47
1_2024-04-28,2024,2024-04-28,1,1,1,22,107
1_2024-04-29,2024,2024-04-29,1,1,1,240,79
1_2024-04-30,2024,2024-04-30,1,1,1,26,66.75
1_2024-05-03,2024,2024-05-03,1,1,1,1853,88.38461538461539
1_2024-05-04,2024,2024-05-04,1,1,1,968,93.38297872340425
1_2024-05-05,2024,2024-05-05,1,1,1,4594,93.26086956521739
1_2024-05-06,2024,2024-05-06,1,1,1,7734,93.3225806451613
1_2024-05-07,2024,2024-05-07,1,1,1,8,90
1_2024-05-08,2024,2024-05-08,1,1,1,814,94.71428571428571
1_2024-05-09,2024,2024-05-09,1,1,1,3320,94.11111111111111
1_2024-05-11,2024,2024-05-11,1,1,1,1274,102.83333333333333
1_2024-05-12,2024,2024-05-12,1,1,1,13740,102.97916666666667
1_2024-05-13,2024,2024-05-13,1,1,1,14296,97.08333333333333
1_2024-05-14,2024,2024-05-14,1,1,1,15004,96.95833333333333
1_2024-05-15,2024,2024-05-15,1,1,1,16712,95.60416666666667
1_2024-05-16,2024,2024-05-16,1,1,1,17425,94.82291666666667
1_2024-05-17,2024,2024-05-17,1,1,1,19592,97.75
1_2024-05-18,2024,2024-05-18,1,1,1,10810,98.6
1_2024-05-19,2024,2024-05-19,1,1,1,2,114
1_2024-05-20,2024,2024-05-20,1,1,1,6222,100.14285714285714
1_2024-05-21,2024,2024-05-21,1,1,1,14452,97.20833333333333
1_2024-05-22,2024,2024-05-22,1,1,1,15890,95.95833333333333
1_2024-05-23,2024,2024-05-23,1,1,1,17294,95.20833333333333
1_2024-05-24,2024,2024-05-24,1,1,1,942,79.44827586206897
1_2024-05-25,2024,2024-05-25,1,1,1,1024,84.87878787878788
1_2024-05-26,2024,2024-05-26,1,1,1,224,93.70967741935483
1_2024-05-27,2024,2024-05-27,1,1,1,241,89.47142857142858
1_2024-05-28,2024,2024-05-28,1,1,1,128,79.125
1_2024-05-29,2024,2024-05-29,1,1,1,1086,77.8
1_2024-05-30,2024,2024-05-30,1,1,1,4906,85.6086956521739
1_2024-05-31,2024,2024-05-31,1,1,1,3652,77.35
5_2024-01-01,2024,2024-01-01,1,5,1,10054,116.375
5_2024-01-02,2024,2024-01-02,1,5,1,16866,115.20833333333333
5_2024-01-03,2024,2024-01-03,1,5,1,17853,116.04166666666667
5_2024-01-04,2024,2024-01-04,1,5,1,18590,115.3125
5_2024-01-05,2024,2024-01-05,1,5,1,16803,112.92553191489361
5_2024-01-06,2024,2024-01-06,1,5,1,9085,112.11224489795919
5_2024-01-07,2024,2024-01-07,1,5,1,9584,113.66666666666667
5_2024-01-08,2024,2024-01-08,1,5,1,20846,112.59375
5_2024-01-09,2024,2024-01-09,1,5,1,20671,113.82291666666667
5_2024-01-10,2024,2024-01-10,1,5,1,20292,113.97916666666667
5_2024-01-11,2024,2024-01-11,1,5,1,21185,112.92708333333333
5_2024-01-12,2024,2024-01-12,1,5,1,22278,115.32291666666667
5_2024-01-13,2024,2024-01-13,1,5,1,12543,116.92708333333333
5_2024-01-14,2024,2024-01-14,1,5,1,10640,116.95833333333333
5_2024-01-15,2024,2024-01-15,1,5,1,20500,112.08333333333333
5_2024-01-16,2024,2024-01-16,1,5,1,21278,113.83333333333333
5_2024-01-17,2024,2024-01-17,1,5,1,22343,115.95744680851064
5_2024-01-18,2024,2024-01-18,1,5,1,23346,114.34375
5_2024-01-19,2024,2024-01-19,1,5,1,22002,114
5_2024-01-20,2024,2024-01-20,1,5,1,13424,116.02083333333333
5_2024-01-21,2024,2024-01-21,1,5,1,11700,117.64583333333333
5_2024-01-22,2024,2024-01-22,1,5,1,20394,115.3125
5_2024-01-23,2024,2024-01-23,1,5,1,21836,114.8125
5_2024-01-24,2024,2024-01-24,1,5,1,21824,115.27083333333333
5_2024-01-25,2024,2024-01-25,1,5,1,23088,116.0625
5_2024-01-26,2024,2024-01-26,1,5,1,22429,115.40625
5_2024-01-27,2024,2024-01-27,1,5,1,14342,116.95833333333333
5_2024-01-28,2024,2024-01-28,1,5,1,13123,118.17708333333333
5_2024-01-29,2024,2024-01-29,1,5,1,22024,114.29166666666667
5_2024-01-30,2024,2024-01-30,1,5,1,22074,113.125
5_2024-01-31,2024,2024-01-31,1,5,1,21979,116.46875
5_2024-02-01,2024,2024-02-01,1,5,1,22289,116.35416666666667
5_2024-02-02,2024,2024-02-02,1,5,1,22780,114.20833333333333
5_2024-02-03,2024,2024-02-03,1,5,1,14022,115.45833333333333
5_2024-02-04,2024,2024-02-04,1,5,1,12460,117.5
5_2024-02-05,2024,2024-02-05,1,5,1,21303,115.78125
5_2024-02-06,2024,2024-02-06,1,5,1,21606,116.27083333333333
5_2024-02-07,2024,2024-02-07,1,5,1,22218,116.14583333333333
5_2024-02-08,2024,2024-02-08,1,5,1,22440,114.85416666666667
5_2024-02-09,2024,2024-02-09,1,5,1,21148,115.33333333333333
5_2024-02-10,2024,2024-02-10,1,5,1,11270,113.1875
5_2024-02-11,2024,2024-02-11,1,5,1,11576,117.67708333333333
5_2024-02-12,2024,2024-02-12,1,5,1,20592,114.97872340425532
5_2024-02-13,2024,2024-02-13,1,5,1,21618,116.14893617021276
5_2024-02-14,2024,2024-02-14,1,5,1,21780,115.47311827956989
5_2024-02-15,2024,2024-02-15,1,5,1,22067,114.9278350515464
5_2024-02-16,2024,2024-02-16,1,5,1,22932,113.47916666666667
5_2024-02-17,2024,2024-02-17,1,5,1,14319,116.09574468085107
5_2024-02-18,2024,2024-02-18,1,5,1,12741,116.70408163265306
5_2024-02-19,2024,2024-02-19,1,5,1,20816,112.5
5_2024-02-20,2024,2024-02-20,1,5,1,22280,115
5_2024-02-21,2024,2024-02-21,1,5,1,22666,114.39583333333333
5_2024-02-22,2024,2024-02-22,1,5,1,21480,113.57446808510639
5_2024-02-23,2024,2024-02-23,1,5,1,22530,114.29591836734694
5_2024-02-24,2024,2024-02-24,1,5,1,12644,114.39583333333333
5_2024-02-25,2024,2024-02-25,1,5,1,10982,115.125
5_2024-02-26,2024,2024-02-26,1,5,1,19702,109.22916666666667
5_2024-02-27,2024,2024-02-27,1,5,1,21974,112.93333333333334
5_2024-02-28,2024,2024-02-28,1,5,1,22807,109.35416666666667
5_2024-02-29,2024,2024-02-29,1,5,1,21527,111.85416666666667
5_2024-03-01,2024,2024-03-01,1,5,1,23858,114.8125
5_2024-03-02,2024,2024-03-02,1,5,1,12696,112.4375
5_2024-03-03,2024,2024-03-03,1,5,1,11192,114.625
5_2024-03-04,2024,2024-03-04,1,5,1,21280,114.77083333333333
5_2024-03-05,2024,2024-03-05,1,5,1,22298,114.22916666666667
5_2024-03-06,2024,2024-03-06,1,5,1,22852,114.77083333333333
5_2024-03-07,2024,2024-03-07,1,5,1,23284,117.25
5_2024-03-08,2024,2024-03-08,1,5,1,22970,116.10416666666667
5_2024-03-09,2024,2024-03-09,1,5,1,13525,116.4375
5_2024-03-10,2024,2024-03-10,1,5,1,10982,115.54166666666667
5_2024-03-11,2024,2024-03-11,1,5,1,22218,112.5
5_2024-03-12,2024,2024-03-12,1,5,1,22490,115.14893617021276
5_2024-03-13,2024,2024-03-13,1,5,1,24034,115.04166666666667
5_2024-03-14,2024,2024-03-14,1,5,1,5202,117.6842105263158
10_2024-01-01,2024,2024-01-01,1,10,1,7520,108.89583333333333
10_2024-01-02,2024,2024-01-02,1,10,1,12420,98.77083333333333
10_2024-01-03,2024,2024-01-03,1,10,1,10104,96.04166666666667
10_2024-01-04,2024,2024-01-04,1,10,1,9530,98.33333333333333
10_2024-01-05,2024,2024-01-05,1,10,1,9390,98.5
10_2024-01-06,2024,2024-01-06,1,10,1,7696,102.95833333333333
10_2024-01-07,2024,2024-01-07,1,10,1,10936,105.98958333333333
10_2024-01-08,2024,2024-01-08,1,10,1,10167,96.09375
10_2024-01-09,2024,2024-01-09,1,10,1,10772,92.66666666666667
10_2024-01-10,2024,2024-01-10,1,10,1,3324,91.63636363636364
10_2024-01-11,2024,2024-01-11,1,10,1,6046,97.55172413793103
10_2024-01-12,2024,2024-01-12,1,10,1,8060,96.43478260869566
10_2024-01-13,2024,2024-01-13,1,10,1,6058,100.33333333333333
10_2024-01-14,2024,2024-01-14,1,10,1,7090,102.64583333333333
10_2024-01-15,2024,2024-01-15,1,10,1,10136,94.27083333333333
10_2024-01-16,2024,2024-01-16,1,10,1,10606,92.33333333333333
10_2024-01-17,2024,2024-01-17,1,10,1,9108,93.45833333333333
10_2024-01-18,2024,2024-01-18,1,10,1,8656,92.95833333333333
10_2024-01-19,2024,2024-01-19,1,10,1,8544,96.91666666666667
10_2024-01-20,2024,2024-01-20,1,10,1,6224,99.46875
10_2024-01-21,2024,2024-01-21,1,10,1,7742,102.85416666666667
10_2024-01-22,2024,2024-01-22,1,10,1,10082,93.79166666666667
10_2024-01-23,2024,2024-01-23,1,10,1,10262,92.08333333333333
10_2024-01-24,2024,2024-01-24,1,10,1,8862,93.9375
10_2024-01-25,2024,2024-01-25,1,10,1,8836,96.79166666666667
10_2024-01-26,2024,2024-01-26,1,10,1,9314,97.875
10_2024-01-27,2024,2024-01-27,1,10,1,6342,100.6875
10_2024-01-28,2024,2024-01-28,1,10,1,8448,102.95833333333333
10_2024-01-29,2024,2024-01-29,1,10,1,9734,94.54166666666667
10_2024-01-30,2024,2024-01-30,1,10,1,10482,92.54166666666667
10_2024-01-31,2024,2024-01-31,1,10,1,9651,93.94791666666667
10_2024-02-01,2024,2024-02-01,1,10,1,8920,95.375
10_2024-02-02,2024,2024-02-02,1,10,1,9474,97.35416666666667
10_2024-02-03,2024,2024-02-03,1,10,1,6136,100.1875
10_2024-02-04,2024,2024-02-04,1,10,1,8542,101
10_2024-02-05,2024,2024-02-05,1,10,1,10438,94.3125
10_2024-02-06,2024,2024-02-06,1,10,1,11376,92.375
10_2024-02-07,2024,2024-02-07,1,10,1,10438,93.16666666666667
10_2024-02-08,2024,2024-02-08,1,10,1,9178,96.20833333333333
10_2024-02-09,2024,2024-02-09,1,10,1,10086,96.60416666666667
10_2024-02-10,2024,2024-02-10,1,10,1,6452,99.875
10_2024-02-11,2024,2024-02-11,1,10,1,8812,103.6875
10_2024-02-12,2024,2024-02-12,1,10,1,11574,94.95833333333333
10_2024-02-13,2024,2024-02-13,1,10,1,11738,93.42708333333333
10_2024-02-14,2024,2024-02-14,1,10,1,9274,95.15625
10_2024-02-15,2024,2024-02-15,1,10,1,9050,95.54166666666667
10_2024-02-16,2024,2024-02-16,1,10,1,9740,96.41666666666667
10_2024-02-17,2024,2024-02-17,1,10,1,6678,99.72916666666667
10_2024-02-18,2024,2024-02-18,1,10,1,9362,102.10416666666667
10_2024-02-19,2024,2024-02-19,1,10,1,11155,94.96875
10_2024-02-20,2024,2024-02-20,1,10,1,11172,92.3125
10_2024-02-21,2024,2024-02-21,1,10,1,10336,94
10_2024-02-22,2024,2024-02-22,1,10,1,9360,94.97916666666667
10_2024-02-23,2024,2024-02-23,1,10,1,9608,97.6875
10_2024-02-24,2024,2024-02-24,1,10,1,6290,100.08333333333333
10_2024-02-25,2024,2024-02-25,1,10,1,8280,99.95833333333333
10_2024-02-26,2024,2024-02-26,1,10,1,15839,91.1875
10_2024-02-27,2024,2024-02-27,1,10,1,14649,86.27083333333333
10_2024-02-28,2024,2024-02-28,1,10,1,9920,94.14583333333333
10_2024-02-29,2024,2024-02-29,1,10,1,9512,96.125
10_2024-03-01,2024,2024-03-01,1,10,1,9422,96.625
10_2024-03-02,2024,2024-03-02,1,10,1,5879,97.86458333333333
10_2024-03-03,2024,2024-03-03,1,10,1,9068,101.45833333333333
10_2024-03-04,2024,2024-03-04,1,10,1,10942,94.60416666666667
10_2024-03-05,2024,2024-03-05,1,10,1,11148,92.14583333333333
10_2024-03-06,2024,2024-03-06,1,10,1,9860,94.04166666666667
10_2024-03-07,2024,2024-03-07,1,10,1,9118,96.39583333333333
10_2024-03-08,2024,2024-03-08,1,10,1,9618,96.95833333333333
10_2024-03-09,2024,2024-03-09,1,10,1,6054,99.52083333333333
10_2024-03-10,2024,2024-03-10,1,10,1,8440,101.89583333333333
10_2024-03-11,2024,2024-03-11,1,10,1,10210,94.60416666666667
10_2024-03-12,2024,2024-03-12,1,10,1,10928,92.60416666666667
10_2024-03-13,2024,2024-03-13,1,10,1,10046,94.375
10_2024-03-14,2024,2024-03-14,1,10,1,9146,96.16666666666667
10_2024-03-15,2024,2024-03-15,1,10,1,10414,98.375
10_2024-03-16,2024,2024-03-16,1,10,1,7122,100.66666666666667
10_2024-03-17,2024,2024-03-17,1,10,1,9082,103.35416666666667
10_2024-03-18,2024,2024-03-18,1,10,1,11370,94.20833333333333
10_2024-03-19,2024,2024-03-19,1,10,1,11456,92.72916666666667
10_2024-03-20,2024,2024-03-20,1,10,1,10260,94.22916666666667
10_2024-03-21,2024,2024-03-21,1,10,1,10408,97.15463917525773
10_2024-03-22,2024,2024-03-22,1,10,1,10814,97.51578947368421
10_2024-03-23,2024,2024-03-23,1,10,1,8498,100.79166666666667
10_2024-03-24,2024,2024-03-24,1,10,1,9886,102.16666666666667
10_2024-03-25,2024,2024-03-25,1,10,1,11224,94.5625
10_2024-03-26,2024,2024-03-26,1,10,1,10920,93.2
10_2024-03-27,2024,2024-03-27,1,10,1,10630,97.5979381443299
10_2024-03-28,2024,2024-03-28,1,10,1,8846,102.33333333333333
10_2024-03-29,2024,2024-03-29,1,10,1,5974,103.52083333333333
10_2024-03-30,2024,2024-03-30,1,10,1,6612,106.5
10_2024-03-31,2024,2024-03-31,1,10,1,12230,108.08695652173913
10_2024-04-01,2024,2024-04-01,1,10,1,22383,103.30208333333333
10_2024-04-02,2024,2024-04-02,1,10,1,16154,94.89583333333333
10_2024-04-03,2024,2024-04-03,1,10,1,11057,95.4375
10_2024-04-04,2024,2024-04-04,1,10,1,10408,97.375
10_2024-04-05,2024,2024-04-05,1,10,1,12048,99.375
10_2024-04-06,2024,2024-04-06,1,10,1,10752,103.16666666666667
10_2024-04-07,2024,2024-04-07,1,10,1,19984,106.10416666666667
10_2024-04-08,2024,2024-04-08,1,10,1,14402,98.0625
10_2024-04-09,2024,2024-04-09,1,10,1,11576,93.60416666666667
10_2024-04-10,2024,2024-04-10,1,10,1,12014,96.97916666666667
10_2024-04-11,2024,2024-04-11,1,10,1,11073,98.90625
10_2024-04-12,2024,2024-04-12,1,10,1,9846,98.4375
10_2024-04-13,2024,2024-04-13,1,10,1,6878,102.16666666666667
10_2024-04-14,2024,2024-04-14,1,10,1,9402,104.33333333333333
10_2024-04-15,2024,2024-04-15,1,10,1,11822,95.22916666666667
10_2024-04-16,2024,2024-04-16,1,10,1,10396,93.06521739130434
10_2024-04-17,2024,2024-04-17,1,10,1,9934,94.66666666666667
10_2024-04-18,2024,2024-04-18,1,10,1,9770,96.375
10_2024-04-19,2024,2024-04-19,1,10,1,10972,98.77083333333333
10_2024-04-20,2024,2024-04-20,1,10,1,7960,102.04166666666667
10_2024-04-21,2024,2024-04-21,1,10,1,10170,103.39583333333333
10_2024-04-22,2024,2024-04-22,1,10,1,11236,95.02083333333333
10_2024-04-23,2024,2024-04-23,1,10,1,10124,93.0625
10_2024-04-24,2024,2024-04-24,1,10,1,10750,94.39583333333333
10_2024-04-25,2024,2024-04-25,1,10,1,10168,96.39583333333333
10_2024-04-26,2024,2024-04-26,1,10,1,10006,97.70833333333333
10_2024-04-27,2024,2024-04-27,1,10,1,6746,100.04166666666667
10_2024-04-28,2024,2024-04-28,1,10,1,10230,103.29166666666667
10_2024-04-29,2024,2024-04-29,1,10,1,11287,96.78125
10_2024-04-30,2024,2024-04-30,1,10,1,11784,96.08333333333333
10_2024-05-01,2024,2024-05-01,1,10,1,11063,98.52083333333333
10_2024-05-02,2024,2024-05-02,1,10,1,8570,96.6875
10_2024-05-03,2024,2024-05-03,1,10,1,8616,96.77083333333333
10_2024-05-04,2024,2024-05-04,1,10,1,6912,100.95833333333333
10_2024-05-05,2024,2024-05-05,1,10,1,11965,103.51041666666667
10_2024-05-06,2024,2024-05-06,1,10,1,10122,95.64583333333333
10_2024-05-07,2024,2024-05-07,1,10,1,8562,94.95744680851064
10_2024-05-08,2024,2024-05-08,1,10,1,9854,94.83333333333333
10_2024-05-09,2024,2024-05-09,1,10,1,4116,93.96
10_2024-05-11,2024,2024-05-11,1,10,1,722,106
10_2024-05-12,2024,2024-05-12,1,10,1,11830,105.25
10_2024-05-13,2024,2024-05-13,1,10,1,11786,95.72916666666667
10_2024-05-14,2024,2024-05-14,1,10,1,11040,92.27083333333333
10_2024-05-15,2024,2024-05-15,1,10,1,9496,94.91666666666667
10_2024-05-16,2024,2024-05-16,1,10,1,9488,96.20833333333333
10_2024-05-17,2024,2024-05-17,1,10,1,9690,98.04166666666667
10_2024-05-18,2024,2024-05-18,1,10,1,6730,101.35416666666667
10_2024-05-19,2024,2024-05-19,1,10,1,10496,104.79166666666667
10_2024-05-20,2024,2024-05-20,1,10,1,11960,95.4375
10_2024-05-21,2024,2024-05-21,1,10,1,11602,93.25
10_2024-05-22,2024,2024-05-22,1,10,1,10196,94.14583333333333
10_2024-05-23,2024,2024-05-23,1,10,1,9318,97.04166666666667
10_2024-05-24,2024,2024-05-24,1,10,1,10588,98.72916666666667
10_2024-05-25,2024,2024-05-25,1,10,1,2666,98.24
12_2024-01-01,2024,2024-01-01,1,12,1,4158,115.58333333333333
12_2024-01-02,2024,2024-01-02,1,12,1,8452,108.52083333333333
12_2024-01-03,2024,2024-01-03,1,12,1,8230,105.95833333333333
12_2024-01-04,2024,2024-01-04,1,12,1,8492,107.10416666666667
12_2024-01-05,2024,2024-01-05,1,12,1,7665,100.47916666666667
12_2024-01-07,2024,2024-01-07,1,12,1,5259,108.33333333333333
12_2024-01-06,2024,2024-01-06,1,12,1,3502,107.70833333333333
12_2024-01-08,2024,2024-01-08,1,12,1,9355,104.70833333333333
12_2024-01-09,2024,2024-01-09,1,12,1,9832,103.70833333333333
12_2024-01-10,2024,2024-01-10,1,12,1,9416,103.3125
12_2024-01-11,2024,2024-01-11,1,12,1,9592,103.10416666666667
12_2024-01-12,2024,2024-01-12,1,12,1,9507,105.28125
12_2024-01-13,2024,2024-01-13,1,12,1,4481,111.85416666666667
12_2024-01-14,2024,2024-01-14,1,12,1,4498,112.64583333333333
12_2024-01-15,2024,2024-01-15,1,12,1,9294,105.41666666666667
12_2024-01-16,2024,2024-01-16,1,12,1,10040,103.375
12_2024-01-17,2024,2024-01-17,1,12,1,9918,105.45833333333333
12_2024-01-18,2024,2024-01-18,1,12,1,10134,104.22916666666667
12_2024-01-19,2024,2024-01-19,1,12,1,9662,104.33333333333333
12_2024-01-20,2024,2024-01-20,1,12,1,4415,111.38541666666667
12_2024-01-21,2024,2024-01-21,1,12,1,4802,114.75
12_2024-01-22,2024,2024-01-22,1,12,1,9926,107.375
12_2024-01-23,2024,2024-01-23,1,12,1,9982,104.79166666666667
12_2024-01-24,2024,2024-01-24,1,12,1,10200,106.20833333333333
12_2024-01-25,2024,2024-01-25,1,12,1,10432,105.16666666666667
12_2024-01-26,2024,2024-01-26,1,12,1,9912,104.8125
12_2024-01-27,2024,2024-01-27,1,12,1,4773,111.91666666666667
12_2024-01-28,2024,2024-01-28,1,12,1,5020,112.375
12_2024-01-29,2024,2024-01-29,1,12,1,9684,107.25
12_2024-01-30,2024,2024-01-30,1,12,1,10396,105.83333333333333
12_2024-01-31,2024,2024-01-31,1,12,1,10306,103.45833333333333
12_2024-02-01,2024,2024-02-01,1,12,1,10166,105.22916666666667
12_2024-02-02,2024,2024-02-02,1,12,1,10227,105.26041666666667
12_2024-02-03,2024,2024-02-03,1,12,1,4736,108.52083333333333
12_2024-02-04,2024,2024-02-04,1,12,1,5058,112.875
12_2024-02-05,2024,2024-02-05,1,12,1,9766,106.125
12_2024-02-06,2024,2024-02-06,1,12,1,10093,105.3125
12_2024-02-07,2024,2024-02-07,1,12,1,10148,105.14583333333333
12_2024-02-08,2024,2024-02-08,1,12,1,10598,106.45833333333333
12_2024-02-09,2024,2024-02-09,1,12,1,10214,104.66666666666667
12_2024-02-10,2024,2024-02-10,1,12,1,4170,106.79166666666667
12_2024-02-11,2024,2024-02-11,1,12,1,4774,114.38
12_2024-02-12,2024,2024-02-12,1,12,1,9724,105.41304347826087
12_2024-02-13,2024,2024-02-13,1,12,1,10284,104.4375
12_2024-02-14,2024,2024-02-14,1,12,1,10297,105.89473684210526
12_2024-02-15,2024,2024-02-15,1,12,1,10918,103.34020618556701
12_2024-02-16,2024,2024-02-16,1,12,1,10282,104.22916666666667
12_2024-02-17,2024,2024-02-17,1,12,1,4650,111.14583333333333
12_2024-02-18,2024,2024-02-18,1,12,1,5570,113.36458333333333
12_2024-02-19,2024,2024-02-19,1,12,1,10076,103.45833333333333
12_2024-02-20,2024,2024-02-20,1,12,1,10184,104.75
12_2024-02-21,2024,2024-02-21,1,12,1,10524,106.54166666666667
12_2024-02-22,2024,2024-02-22,1,12,1,10438,104.375
12_2024-02-23,2024,2024-02-23,1,12,1,10078,105.64583333333333
12_2024-02-24,2024,2024-02-24,1,12,1,4408,106.6
12_2024-02-25,2024,2024-02-25,1,12,1,4853,109.90721649484536
12_2024-02-26,2024,2024-02-26,1,12,1,10180,99.5
12_2024-02-27,2024,2024-02-27,1,12,1,10284,98.6875
12_2024-02-28,2024,2024-02-28,1,12,1,10469,101.97916666666667
12_2024-02-29,2024,2024-02-29,1,12,1,6396,96.76315789473684
12_2024-03-01,2024,2024-03-01,1,12,1,10072,106.10416666666667
12_2024-03-02,2024,2024-03-02,1,12,1,4668,107.52083333333333
12_2024-03-03,2024,2024-03-03,1,12,1,5168,110.14583333333333
12_2024-03-04,2024,2024-03-04,1,12,1,9802,105.64583333333333
12_2024-03-05,2024,2024-03-05,1,12,1,10328,104.4375
12_2024-03-06,2024,2024-03-06,1,12,1,10644,106.64583333333333
12_2024-03-07,2024,2024-03-07,1,12,1,10380,104.16666666666667
12_2024-03-08,2024,2024-03-08,1,12,1,10188,105.625
12_2024-03-09,2024,2024-03-09,1,12,1,4752,112.52083333333333
12_2024-03-10,2024,2024-03-10,1,12,1,5234,112.1875
12_2024-03-11,2024,2024-03-11,1,12,1,9858,103.60416666666667
12_2024-03-12,2024,2024-03-12,1,12,1,10317,104.15625
12_2024-03-13,2024,2024-03-13,1,12,1,10804,105.91666666666667
12_2024-03-14,2024,2024-03-14,1,12,1,10896,106.33333333333333
12_2024-03-15,2024,2024-03-15,1,12,1,10578,105.77083333333333
12_2024-03-16,2024,2024-03-16,1,12,1,5318,111.02083333333333
12_2024-03-17,2024,2024-03-17,1,12,1,5662,111.75
12_2024-03-18,2024,2024-03-18,1,12,1,9748,105.74736842105263
12_2024-03-19,2024,2024-03-19,1,12,1,11072,103.74226804123711
12_2024-03-20,2024,2024-03-20,1,12,1,10798,104.04166666666667
12_2024-03-21,2024,2024-03-21,1,12,1,10514,105.0625
12_2024-03-22,2024,2024-03-22,1,12,1,10724,105.21875
12_2024-03-23,2024,2024-03-23,1,12,1,5326,108.66666666666667
12_2024-03-24,2024,2024-03-24,1,12,1,5240,111.3125
12_2024-03-25,2024,2024-03-25,1,12,1,9694,104.95833333333333
12_2024-03-26,2024,2024-03-26,1,12,1,9880,102.70833333333333
12_2024-03-27,2024,2024-03-27,1,12,1,9950,107.375
12_2024-03-28,2024,2024-03-28,1,12,1,5184,111.79166666666667
12_2024-03-29,2024,2024-03-29,1,12,1,3980,107.75
12_2024-03-30,2024,2024-03-30,1,12,1,4424,111.375
12_2024-03-31,2024,2024-03-31,1,12,1,6454,111.69565217391305
12_2024-04-01,2024,2024-04-01,1,12,1,10980,109.85416666666667
12_2024-04-02,2024,2024-04-02,1,12,1,10462,105.83333333333333
12_2024-04-03,2024,2024-04-03,1,12,1,9734,106.35416666666667
12_2024-04-04,2024,2024-04-04,1,12,1,9824,106.20833333333333
12_2024-04-05,2024,2024-04-05,1,12,1,10122,107.1875
12_2024-04-06,2024,2024-04-06,1,12,1,6190,110.16666666666667
12_2024-04-07,2024,2024-04-07,1,12,1,8224,110.54166666666667
12_2024-04-08,2024,2024-04-08,1,12,1,11176,107
12_2024-04-10,2024,2024-04-10,1,12,1,7050,107.26923076923077
12_2024-04-11,2024,2024-04-11,1,12,1,11280,106.375
12_2024-04-12,2024,2024-04-12,1,12,1,10092,106.83333333333333
12_2024-04-13,2024,2024-04-13,1,12,1,5316,110.25
12_2024-04-14,2024,2024-04-14,1,12,1,5694,112.16666666666667
12_2024-04-15,2024,2024-04-15,1,12,1,10158,104.29166666666667
12_2024-04-16,2024,2024-04-16,1,12,1,10462,103.80208333333333
12_2024-04-17,2024,2024-04-17,1,12,1,9862,102.95744680851064
12_2024-04-18,2024,2024-04-18,1,12,1,10611,104.5204081632653
12_2024-04-19,2024,2024-04-19,1,12,1,10921,106.19791666666667
12_2024-04-20,2024,2024-04-20,1,12,1,5432,110.27083333333333
12_2024-04-21,2024,2024-04-21,1,12,1,5631,113.17708333333333
12_2024-04-22,2024,2024-04-22,1,12,1,10498,105.29166666666667
12_2024-04-23,2024,2024-04-23,1,12,1,10104,104.10416666666667
12_2024-04-24,2024,2024-04-24,1,12,1,10794,105.5625
12_2024-04-25,2024,2024-04-25,1,12,1,10896,104.97916666666667
12_2024-04-26,2024,2024-04-26,1,12,1,10796,106.25
12_2024-04-27,2024,2024-04-27,1,12,1,4928,110.83333333333333
12_2024-04-28,2024,2024-04-28,1,12,1,5612,112.16666666666667
12_2024-04-29,2024,2024-04-29,1,12,1,8478,107.25
12_2024-04-30,2024,2024-04-30,1,12,1,9361,106.5625
12_2024-05-01,2024,2024-05-01,1,12,1,4862,107.39583333333333
12_2024-05-02,2024,2024-05-02,1,12,1,9430,103.70833333333333
12_2024-05-03,2024,2024-05-03,1,12,1,9344,106.91666666666667
12_2024-05-04,2024,2024-05-04,1,12,1,4538,112.5625
12_2024-05-05,2024,2024-05-05,1,12,1,6540,112.0625
12_2024-05-06,2024,2024-05-06,1,12,1,10390,105.20833333333333
12_2024-05-07,2024,2024-05-07,1,12,1,10506,104.52083333333333
12_2024-05-08,2024,2024-05-08,1,12,1,10579,104.96875
12_2024-05-09,2024,2024-05-09,1,12,1,4760,105
12_2024-05-11,2024,2024-05-11,1,12,1,424,107.83333333333333
12_2024-05-12,2024,2024-05-12,1,12,1,6298,111.67708333333333
12_2024-05-13,2024,2024-05-13,1,12,1,10556,105.02083333333333
12_2024-05-14,2024,2024-05-14,1,12,1,9737,102.97777777777777
51_2024-01-01,2024,2024-01-01,1,51,5,0,0
51_2024-01-02,2024,2024-01-02,1,51,5,0,0
51_2024-01-03,2024,2024-01-03,1,51,5,0,0
51_2024-01-04,2024,2024-01-04,1,51,5,0,0
51_2024-01-05,2024,2024-01-05,1,51,5,0,0
51_2024-01-06,2024,2024-01-06,1,51,5,0,0
51_2024-01-07,2024,2024-01-07,1,51,5,0,0
51_2024-01-08,2024,2024-01-08,1,51,5,0,0
51_2024-01-09,2024,2024-01-09,1,51,5,0,0
51_2024-01-10,2024,2024-01-10,1,51,5,0,0
51_2024-01-11,2024,2024-01-11,1,51,5,0,0
51_2024-01-12,2024,2024-01-12,1,51,5,0,0
51_2024-01-13,2024,2024-01-13,1,51,5,0,0
51_2024-01-14,2024,2024-01-14,1,51,5,0,0
51_2024-01-15,2024,2024-01-15,1,51,5,0,0
51_2024-01-16,2024,2024-01-16,1,51,5,0,0
51_2024-01-17,2024,2024-01-17,1,51,5,0,0
51_2024-01-18,2024,2024-01-18,1,51,5,0,0
51_2024-01-19,2024,2024-01-19,1,51,5,0,0
51_2024-01-20,2024,2024-01-20,1,51,5,0,0
51_2024-01-21,2024,2024-01-21,1,51,5,0,0
51_2024-01-22,2024,2024-01-22,1,51,5,0,0
51_2024-01-23,2024,2024-01-23,1,51,5,0,0
51_2024-01-24,2024,2024-01-24,1,51,5,0,0
51_2024-01-25,2024,2024-01-25,1,51,5,0,0
51_2024-01-26,2024,2024-01-26,1,51,5,0,0
51_2024-01-27,2024,2024-01-27,1,51,5,0,0
53_2024-01-01,2024,2024-01-01,1,53,5,31393,10.533088235294118
53_2024-01-02,2024,2024-01-02,1,53,5,45201,15.293893129770993
53_2024-01-03,2024,2024-01-03,1,53,5,57141,15.754863813229573
53_2024-01-04,2024,2024-01-04,1,53,5,60404,17.18450184501845
53_2024-01-05,2024,2024-01-05,1,53,5,54822,15.636042402826854
53_2024-01-06,2024,2024-01-06,1,53,5,33298,11.920634920634921
53_2024-01-07,2024,2024-01-07,1,53,5,23003,6.596610169491526
53_2024-01-08,2024,2024-01-08,1,53,5,50668,17.9
53_2024-01-09,2024,2024-01-09,1,53,5,71042,18.221884498480243
53_2024-01-10,2024,2024-01-10,1,53,5,64309,16.963963963963963
53_2024-01-11,2024,2024-01-11,1,53,5,58324,18.76953125
53_2024-01-12,2024,2024-01-12,1,53,5,63316,19.806691449814128
53_2024-01-13,2024,2024-01-13,1,53,5,40805,14.010791366906474
53_2024-01-14,2024,2024-01-14,1,53,5,22630,9.464135021097047
53_2024-01-15,2024,2024-01-15,1,53,5,54544,15.148014440433213
53_2024-01-16,2024,2024-01-16,1,53,5,66181,17.376506024096386
53_2024-01-17,2024,2024-01-17,1,53,5,52505,13.527777777777779
53_2024-01-18,2024,2024-01-18,1,53,5,60009,14.051282051282051
53_2024-01-19,2024,2024-01-19,1,53,5,46933,15.51528384279476
53_2024-01-20,2024,2024-01-20,1,53,5,56045,16.846625766871167
53_2024-01-21,2024,2024-01-21,1,53,5,37854,12.535971223021583
53_2024-01-22,2024,2024-01-22,1,53,5,49154,14.225925925925926
53_2024-01-23,2024,2024-01-23,1,53,5,47438,14.431818181818182
53_2024-01-24,2024,2024-01-24,1,53,5,0,0
53_2024-01-25,2024,2024-01-25,1,53,5,1097,18.6
54_2024-01-01,2024,2024-01-01,1,54,5,27615,5.735714285714286
54_2024-01-02,2024,2024-01-02,1,54,5,53105,5.3879598662207355
54_2024-01-03,2024,2024-01-03,1,54,5,46953,5.58
54_2024-01-04,2024,2024-01-04,1,54,5,48489,5.76078431372549
54_2024-01-05,2024,2024-01-05,1,54,5,50945,6.185567010309279
54_2024-01-06,2024,2024-01-06,1,54,5,34115,5.718213058419244
54_2024-01-07,2024,2024-01-07,1,54,5,21985,5.5528455284552845
54_2024-01-08,2024,2024-01-08,1,54,5,60080,5.219653179190751
54_2024-01-09,2024,2024-01-09,1,54,5,48266,4.9772727272727275
54_2024-01-10,2024,2024-01-10,1,54,5,43161,4.8063241106719365
54_2024-01-11,2024,2024-01-11,1,54,5,53868,4.861952861952862
54_2024-01-12,2024,2024-01-12,1,54,5,55271,5.166064981949458
54_2024-01-13,2024,2024-01-13,1,54,5,43352,5.617100371747212
54_2024-01-14,2024,2024-01-14,1,54,5,27797,6.266666666666667
54_2024-01-15,2024,2024-01-15,1,54,5,45269,4.797101449275362
54_2024-01-16,2024,2024-01-16,1,54,5,44743,3.507142857142857
54_2024-01-17,2024,2024-01-17,1,54,5,32331,4.099547511312217
54_2024-01-18,2024,2024-01-18,1,54,5,73361,4.84
54_2024-01-19,2024,2024-01-19,1,54,5,38505,4.718487394957983
54_2024-01-20,2024,2024-01-20,1,54,5,44789,5.959595959595959
54_2024-01-21,2024,2024-01-21,1,54,5,25673,5.878228782287823
54_2024-01-22,2024,2024-01-22,1,54,5,54622,5.114864864864865
54_2024-01-23,2024,2024-01-23,1,54,5,32317,3.58203125
54_2024-01-24,2024,2024-01-24,1,54,5,0,0
54_2024-01-25,2024,2024-01-25,1,54,5,53464,6.7792792792792795
54_2024-01-26,2024,2024-01-26,1,54,5,38995,5.625
54_2024-01-27,2024,2024-01-27,1,54,5,628,6.666666666666667
55_2024-01-01,2024,2024-01-01,1,55,5,31959,5.8428571428571425
55_2024-01-02,2024,2024-01-02,1,55,5,47147,6.973977695167286
55_2024-01-03,2024,2024-01-03,1,55,5,51939,7.178832116788321
55_2024-01-04,2024,2024-01-04,1,55,5,52622,7.201413427561837
55_2024-01-05,2024,2024-01-05,1,55,5,47331,5.4572490706319705
55_2024-01-06,2024,2024-01-06,1,55,5,34610,4.151750972762646
55_2024-01-07,2024,2024-01-07,1,55,5,37162,4.306397306397306
55_2024-01-08,2024,2024-01-08,1,55,5,58825,6.203389830508475
55_2024-01-09,2024,2024-01-09,1,55,5,52344,6.609929078014185
55_2024-01-10,2024,2024-01-10,1,55,5,61949,5.846938775510204
55_2024-01-11,2024,2024-01-11,1,55,5,59506,5.779359430604982
55_2024-01-12,2024,2024-01-12,1,55,5,59038,7.116666666666666
55_2024-01-13,2024,2024-01-13,1,55,5,34011,6.256880733944954
55_2024-01-14,2024,2024-01-14,1,55,5,47510,5.984848484848484
55_2024-01-15,2024,2024-01-15,1,55,5,55142,5.645669291338582
55_2024-01-16,2024,2024-01-16,1,55,5,64002,6.2972136222910216
55_2024-01-17,2024,2024-01-17,1,55,5,48466,6.75
55_2024-01-18,2024,2024-01-18,1,55,5,70321,7.066037735849057
55_2024-01-19,2024,2024-01-19,1,55,5,60037,7.221014492753623
55_2024-01-20,2024,2024-01-20,1,55,5,42683,6.607638888888889
55_2024-01-21,2024,2024-01-21,1,55,5,41803,6.860294117647059
55_2024-01-22,2024,2024-01-22,1,55,5,68543,7.611486486486487
55_2024-01-23,2024,2024-01-23,1,55,5,45496,5.05
55_2024-01-24,2024,2024-01-24,1,55,5,0,0
55_2024-01-25,2024,2024-01-25,1,55,5,46225,8.99421965317919
55_2024-01-26,2024,2024-01-26,1,55,5,49424,7.271493212669683
56_2024-01-01,2024,2024-01-01,1,56,5,28140,16.85053380782918
56_2024-01-02,2024,2024-01-02,1,56,5,45452,16.347368421052632
56_2024-01-03,2024,2024-01-03,1,56,5,42069,16.906976744186046
56_2024-01-04,2024,2024-01-04,1,56,5,45532,16.399280575539567
56_2024-01-05,2024,2024-01-05,1,56,5,47147,15.753787878787879
56_2024-01-06,2024,2024-01-06,1,56,5,33928,15.86046511627907
56_2024-01-07,2024,2024-01-07,1,56,5,31117,14.76595744680851
56_2024-01-08,2024,2024-01-08,1,56,5,46381,14.376306620209059
56_2024-01-09,2024,2024-01-09,1,56,5,47490,15.10943396226415
56_2024-01-10,2024,2024-01-10,1,56,5,51601,15.19205298013245
56_2024-01-11,2024,2024-01-11,1,56,5,48613,15.511029411764707
56_2024-01-12,2024,2024-01-12,1,56,5,51763,15.037453183520599
56_2024-01-13,2024,2024-01-13,1,56,5,42993,16.053571428571427
56_2024-01-14,2024,2024-01-14,1,56,5,33045,17.57608695652174
56_2024-01-15,2024,2024-01-15,1,56,5,51174,15.50498338870432
56_2024-01-16,2024,2024-01-16,1,56,5,52153,16.049230769230768
56_2024-01-17,2024,2024-01-17,1,56,5,42381,15.517374517374517
56_2024-01-18,2024,2024-01-18,1,56,5,49494,15.438356164383562
56_2024-01-19,2024,2024-01-19,1,56,5,43877,15.061946902654867
56_2024-01-20,2024,2024-01-20,1,56,5,45038,16.53105590062112
56_2024-01-21,2024,2024-01-21,1,56,5,29052,17.056818181818183
56_2024-01-22,2024,2024-01-22,1,56,5,31003,14.797687861271676
297_2024-01-01,2024,2024-01-01,1,297,6,0,0
297_2024-01-02,2024,2024-01-02,1,297,6,0,0
297_2024-01-04,2024,2024-01-04,1,297,6,0,0
297_2024-01-03,2024,2024-01-03,1,297,6,0,0
297_2024-01-05,2024,2024-01-05,1,297,6,0,0
297_2024-01-06,2024,2024-01-06,1,297,6,0,0
297_2024-01-07,2024,2024-01-07,1,297,6,0,0
297_2024-01-08,2024,2024-01-08,1,297,6,2,0
297_2024-01-09,2024,2024-01-09,1,297,6,7612,0
297_2024-01-10,2024,2024-01-10,1,297,6,15850,0
297_2024-01-11,2024,2024-01-11,1,297,6,14293,0
297_2024-01-12,2024,2024-01-12,1,297,6,14222,0
297_2024-01-13,2024,2024-01-13,1,297,6,9365,0
297_2024-01-14,2024,2024-01-14,1,297,6,8591,0
297_2024-01-15,2024,2024-01-15,1,297,6,12439,0
297_2024-01-16,2024,2024-01-16,1,297,6,13045,0
297_2024-01-17,2024,2024-01-17,1,297,6,14334,0
297_2024-01-18,2024,2024-01-18,1,297,6,14164,0
297_2024-01-19,2024,2024-01-19,1,297,6,14966,0
297_2024-01-20,2024,2024-01-20,1,297,6,8753,0
297_2024-01-21,2024,2024-01-21,1,297,6,8201,0
297_2024-01-22,2024,2024-01-22,1,297,6,13276,0
297_2024-01-23,2024,2024-01-23,1,297,6,13615,0
297_2024-01-24,2024,2024-01-24,1,297,6,14049,0
297_2024-01-25,2024,2024-01-25,1,297,6,12506,0
297_2024-01-26,2024,2024-01-26,1,297,6,14452,0
297_2024-01-27,2024,2024-01-27,1,297,6,9814,0
297_2024-01-28,2024,2024-01-28,1,297,6,7697,0
297_2024-01-29,2024,2024-01-29,1,297,6,12752,0
297_2024-01-30,2024,2024-01-30,1,297,6,12243,0
297_2024-01-31,2024,2024-01-31,1,297,6,12933,0
297_2024-02-01,2024,2024-02-01,1,297,6,15038,0
297_2024-02-02,2024,2024-02-02,1,297,6,15286,0
297_2024-02-03,2024,2024-02-03,1,297,6,10362,0
297_2024-02-04,2024,2024-02-04,1,297,6,6930,0
297_2024-02-05,2024,2024-02-05,1,297,6,12511,0
297_2024-02-06,2024,2024-02-06,1,297,6,13597,0
297_2024-02-07,2024,2024-02-07,1,297,6,13607,0
297_2024-02-08,2024,2024-02-08,1,297,6,15282,0
297_2024-02-09,2024,2024-02-09,1,297,6,14946,0
297_2024-02-10,2024,2024-02-10,1,297,6,10540,0
297_2024-02-11,2024,2024-02-11,1,297,6,7467,0
297_2024-02-12,2024,2024-02-12,1,297,6,13312,0
297_2024-02-13,2024,2024-02-13,1,297,6,12251,0
297_2024-02-14,2024,2024-02-14,1,297,6,14661,0
297_2024-02-15,2024,2024-02-15,1,297,6,14546,0
297_2024-02-16,2024,2024-02-16,1,297,6,14827,0
297_2024-02-17,2024,2024-02-17,1,297,6,10739,0
297_2024-02-18,2024,2024-02-18,1,297,6,7999,0
297_2024-02-19,2024,2024-02-19,1,297,6,12421,0
297_2024-02-20,2024,2024-02-20,1,297,6,14320,0
297_2024-02-21,2024,2024-02-21,1,297,6,13739,0
297_2024-02-22,2024,2024-02-22,1,297,6,13501,0
297_2024-02-23,2024,2024-02-23,1,297,6,15974,0
297_2024-02-24,2024,2024-02-24,1,297,6,11665,0
297_2024-02-25,2024,2024-02-25,1,297,6,8384,0
297_2024-02-26,2024,2024-02-26,1,297,6,14443,0
297_2024-02-27,2024,2024-02-27,1,297,6,10490,0
297_2024-02-28,2024,2024-02-28,1,297,6,15625,0
297_2024-02-29,2024,2024-02-29,1,297,6,15566,0
297_2024-03-01,2024,2024-03-01,1,297,6,14794,0
297_2024-03-02,2024,2024-03-02,1,297,6,11015,0
297_2024-03-03,2024,2024-03-03,1,297,6,8258,0
297_2024-03-05,2024,2024-03-05,1,297,6,13659,0
297_2024-03-04,2024,2024-03-04,1,297,6,13023,0
297_2024-03-06,2024,2024-03-06,1,297,6,13264,0
297_2024-03-07,2024,2024-03-07,1,297,6,13841,0
297_2024-03-08,2024,2024-03-08,1,297,6,14700,0
297_2024-03-09,2024,2024-03-09,1,297,6,10379,0
297_2024-03-11,2024,2024-03-11,1,297,6,11084,0
297_2024-03-12,2024,2024-03-12,1,297,6,14328,0
297_2024-03-13,2024,2024-03-13,1,297,6,13773,0
297_2024-03-14,2024,2024-03-14,1,297,6,14483,0
297_2024-03-15,2024,2024-03-15,1,297,6,14035,0
297_2024-03-17,2024,2024-03-17,1,297,6,7788,0
297_2024-03-16,2024,2024-03-16,1,297,6,9329,0
297_2024-03-18,2024,2024-03-18,1,297,6,13692,0
297_2024-03-19,2024,2024-03-19,1,297,6,13729,0
297_2024-03-20,2024,2024-03-20,1,297,6,7718,0
297_2024-03-21,2024,2024-03-21,2,297,6,70,0
346_2024-01-01,2024,2024-01-01,1,346,6,14624,0
346_2024-01-02,2024,2024-01-02,1,346,6,14537,0
346_2024-01-03,2024,2024-01-03,1,346,6,31716,0
346_2024-01-04,2024,2024-01-04,1,346,6,38020,0
346_2024-01-05,2024,2024-01-05,1,346,6,28758,0
346_2024-01-06,2024,2024-01-06,1,346,6,10472,0
346_2024-01-07,2024,2024-01-07,1,346,6,24135,0
346_2024-01-08,2024,2024-01-08,1,346,6,31955,0
346_2024-01-09,2024,2024-01-09,1,346,6,22867,0
346_2024-01-10,2024,2024-01-10,1,346,6,31854,0
346_2024-01-11,2024,2024-01-11,1,346,6,26811,0
346_2024-01-12,2024,2024-01-12,1,346,6,24077,0
346_2024-01-13,2024,2024-01-13,1,346,6,36492,0
346_2024-01-14,2024,2024-01-14,1,346,6,20779,0
346_2024-01-15,2024,2024-01-15,1,346,6,22252,0
346_2024-01-16,2024,2024-01-16,1,346,6,35348,0
346_2024-01-17,2024,2024-01-17,1,346,6,23148,0
346_2024-01-18,2024,2024-01-18,1,346,6,16004,0
346_2024-01-19,2024,2024-01-19,1,346,6,19598,0
346_2024-01-20,2024,2024-01-20,1,346,6,30278,0
346_2024-01-21,2024,2024-01-21,1,346,6,24998,0
346_2024-01-22,2024,2024-01-22,1,346,6,23182,0
346_2024-01-23,2024,2024-01-23,1,346,6,20822,0
346_2024-01-24,2024,2024-01-24,1,346,6,40000,0
346_2024-01-25,2024,2024-01-25,1,346,6,38212,0
346_2024-01-26,2024,2024-01-26,1,346,6,27410,0
346_2024-01-27,2024,2024-01-27,1,346,6,27349,0
346_2024-01-28,2024,2024-01-28,1,346,6,25448,0
346_2024-01-29,2024,2024-01-29,1,346,6,29624,0
346_2024-01-30,2024,2024-01-30,1,346,6,21323,0
346_2024-01-31,2024,2024-01-31,1,346,6,27790,0
346_2024-02-01,2024,2024-02-01,1,346,6,39810,0
346_2024-02-02,2024,2024-02-02,1,346,6,32609,0
346_2024-02-03,2024,2024-02-03,1,346,6,20535,0
346_2024-02-04,2024,2024-02-04,1,346,6,29917,0
346_2024-02-05,2024,2024-02-05,1,346,6,28013,0
346_2024-02-06,2024,2024-02-06,1,346,6,24157,0
346_2024-02-07,2024,2024-02-07,1,346,6,22176,0
346_2024-02-08,2024,2024-02-08,1,346,6,32870,0
346_2024-02-09,2024,2024-02-09,1,346,6,23244,0
346_2024-02-10,2024,2024-02-10,1,346,6,13797,0
346_2024-02-11,2024,2024-02-11,1,346,6,21447,0
346_2024-02-12,2024,2024-02-12,1,346,6,28375,0
346_2024-02-13,2024,2024-02-13,1,346,6,25034,0
346_2024-02-14,2024,2024-02-14,1,346,6,23245,0
346_2024-02-15,2024,2024-02-15,1,346,6,38792,0
346_2024-02-16,2024,2024-02-16,1,346,6,25535,0
346_2024-02-17,2024,2024-02-17,1,346,6,21988,0
346_2024-02-18,2024,2024-02-18,1,346,6,29585,0
346_2024-02-19,2024,2024-02-19,1,346,6,26449,0
346_2024-02-20,2024,2024-02-20,1,346,6,29654,0
346_2024-02-21,2024,2024-02-21,1,346,6,26026,0
346_2024-02-22,2024,2024-02-22,1,346,6,28722,0
346_2024-02-23,2024,2024-02-23,1,346,6,18795,0
346_2024-02-24,2024,2024-02-24,1,346,6,20951,0
346_2024-02-25,2024,2024-02-25,1,346,6,18091,0
346_2024-02-26,2024,2024-02-26,1,346,6,28520,0
346_2024-02-27,2024,2024-02-27,1,346,6,2813,0
346_2024-02-28,2024,2024-02-28,1,346,6,24519,0
346_2024-02-29,2024,2024-02-29,1,346,6,16107,0
346_2024-03-01,2024,2024-03-01,2,346,6,3555,0
645_2024-01-01,2024,2024-01-01,1,645,6,0,0
645_2024-01-02,2024,2024-01-02,1,645,6,0,0
645_2024-01-03,2024,2024-01-03,1,645,6,0,0
645_2024-01-04,2024,2024-01-04,1,645,6,0,0
645_2024-01-05,2024,2024-01-05,1,645,6,0,0
645_2024-01-06,2024,2024-01-06,1,645,6,0,0
645_2024-01-07,2024,2024-01-07,1,645,6,0,0
645_2024-01-08,2024,2024-01-08,1,645,6,0,0
645_2024-01-09,2024,2024-01-09,1,645,6,0,0
645_2024-01-10,2024,2024-01-10,1,645,6,0,0
645_2024-01-11,2024,2024-01-11,1,645,6,0,0
645_2024-01-12,2024,2024-01-12,1,645,6,0,0
645_2024-01-13,2024,2024-01-13,1,645,6,0,0
645_2024-01-14,2024,2024-01-14,1,645,6,0,0
645_2024-01-15,2024,2024-01-15,1,645,6,0,0
645_2024-01-16,2024,2024-01-16,1,645,6,0,0
645_2024-01-17,2024,2024-01-17,1,645,6,0,0
645_2024-01-18,2024,2024-01-18,1,645,6,0,0
645_2024-01-19,2024,2024-01-19,1,645,6,0,0
645_2024-01-20,2024,2024-01-20,1,645,6,0,0
645_2024-01-21,2024,2024-01-21,1,645,6,0,0
645_2024-01-22,2024,2024-01-22,1,645,6,0,0
645_2024-01-23,2024,2024-01-23,1,645,6,0,0
645_2024-01-24,2024,2024-01-24,1,645,6,0,0
645_2024-01-25,2024,2024-01-25,1,645,6,0,0
645_2024-01-26,2024,2024-01-26,1,645,6,0,0
645_2024-01-27,2024,2024-01-27,1,645,6,0,0
645_2024-01-28,2024,2024-01-28,1,645,6,0,0
645_2024-01-29,2024,2024-01-29,1,645,6,0,0
645_2024-01-30,2024,2024-01-30,1,645,6,0,0
645_2024-01-31,2024,2024-01-31,1,645,6,0,0
645_2024-02-01,2024,2024-02-01,1,645,6,0,0
645_2024-02-02,2024,2024-02-02,1,645,6,0,0
645_2024-02-03,2024,2024-02-03,1,645,6,0,0
645_2024-02-04,2024,2024-02-04,1,645,6,0,0
645_2024-02-05,2024,2024-02-05,1,645,6,0,0
645_2024-02-06,2024,2024-02-06,1,645,6,0,0
645_2024-02-07,2024,2024-02-07,1,645,6,0,0
645_2024-02-08,2024,2024-02-08,1,645,6,0,0
645_2024-02-09,2024,2024-02-09,1,645,6,0,0
645_2024-02-10,2024,2024-02-10,1,645,6,0,0
645_2024-02-11,2024,2024-02-11,1,645,6,0,0
645_2024-02-12,2024,2024-02-12,1,645,6,0,0
645_2024-02-13,2024,2024-02-13,1,645,6,0,0
645_2024-02-14,2024,2024-02-14,1,645,6,0,0
645_2024-02-15,2024,2024-02-15,1,645,6,0,0
645_2024-02-16,2024,2024-02-16,1,645,6,0,0
645_2024-02-17,2024,2024-02-17,1,645,6,0,0
645_2024-02-18,2024,2024-02-18,1,645,6,0,0
645_2024-02-19,2024,2024-02-19,1,645,6,0,0
645_2024-02-20,2024,2024-02-20,1,645,6,0,0
645_2024-02-21,2024,2024-02-21,1,645,6,0,0
645_2024-02-22,2024,2024-02-22,1,645,6,0,0
645_2024-02-23,2024,2024-02-23,1,645,6,0,0
645_2024-02-25,2024,2024-02-25,1,645,6,0,0
645_2024-02-24,2024,2024-02-24,1,645,6,0,0
645_2024-02-26,2024,2024-02-26,1,645,6,0,0
645_2024-02-27,2024,2024-02-27,1,645,6,0,0
645_2024-02-28,2024,2024-02-28,1,645,6,0,0
645_2024-02-29,2024,2024-02-29,1,645,6,0,0
645_2024-03-01,2024,2024-03-01,1,645,6,0,0
645_2024-03-02,2024,2024-03-02,1,645,6,0,0
645_2024-03-03,2024,2024-03-03,1,645,6,0,0
645_2024-03-04,2024,2024-03-04,1,645,6,0,0
645_2024-03-05,2024,2024-03-05,1,645,6,0,0
645_2024-03-06,2024,2024-03-06,1,645,6,0,0
645_2024-03-07,2024,2024-03-07,1,645,6,0,0
645_2024-03-08,2024,2024-03-08,1,645,6,0,0
645_2024-03-09,2024,2024-03-09,1,645,6,0,0
645_2024-03-11,2024,2024-03-11,1,645,6,0,0
645_2024-03-12,2024,2024-03-12,1,645,6,0,0
645_2024-03-13,2024,2024-03-13,1,645,6,0,0
645_2024-03-14,2024,2024-03-14,1,645,6,0,0
645_2024-03-15,2024,2024-03-15,1,645,6,0,0
645_2024-03-16,2024,2024-03-16,1,645,6,0,0
645_2024-03-17,2024,2024-03-17,1,645,6,0,0
645_2024-03-18,2024,2024-03-18,1,645,6,0,0
645_2024-03-19,2024,2024-03-19,1,645,6,0,0
645_2024-03-20,2024,2024-03-20,1,645,6,0,0
645_2024-03-21,2024,2024-03-21,1,645,6,0,0
645_2024-03-22,2024,2024-03-22,1,645,6,0,0
645_2024-03-23,2024,2024-03-23,1,645,6,0,0
645_2024-03-24,2024,2024-03-24,1,645,6,0,0
645_2024-03-25,2024,2024-03-25,1,645,6,0,0
645_2024-03-26,2024,2024-03-26,1,645,6,0,0
645_2024-03-27,2024,2024-03-27,1,645,6,0,0
645_2024-03-28,2024,2024-03-28,1,645,6,0,0
645_2024-03-29,2024,2024-03-29,1,645,6,0,0
645_2024-03-30,2024,2024-03-30,1,645,6,0,0
645_2024-04-01,2024,2024-04-01,1,645,6,0,0
645_2024-03-31,2024,2024-03-31,1,645,6,0,0
645_2024-04-02,2024,2024-04-02,1,645,6,0,0
645_2024-04-03,2024,2024-04-03,1,645,6,0,0
645_2024-04-04,2024,2024-04-04,1,645,6,0,0
645_2024-04-05,2024,2024-04-05,1,645,6,0,0
645_2024-04-06,2024,2024-04-06,1,645,6,0,0
645_2024-04-07,2024,2024-04-07,1,645,6,0,0
645_2024-04-08,2024,2024-04-08,1,645,6,0,0
645_2024-04-09,2024,2024-04-09,1,645,6,0,0
645_2024-04-10,2024,2024-04-10,1,645,6,0,0
645_2024-04-11,2024,2024-04-11,1,645,6,0,0
645_2024-04-12,2024,2024-04-12,1,645,6,0,0
645_2024-04-13,2024,2024-04-13,1,645,6,0,0
645_2024-04-14,2024,2024-04-14,1,645,6,0,0
645_2024-04-15,2024,2024-04-15,1,645,6,0,0
645_2024-04-16,2024,2024-04-16,1,645,6,0,0
645_2024-04-17,2024,2024-04-17,1,645,6,0,0
645_2024-04-18,2024,2024-04-18,1,645,6,0,0
645_2024-04-19,2024,2024-04-19,1,645,6,0,0
645_2024-04-20,2024,2024-04-20,1,645,6,0,0
645_2024-04-21,2024,2024-04-21,1,645,6,0,0
645_2024-04-22,2024,2024-04-22,1,645,6,0,0
645_2024-04-23,2024,2024-04-23,1,645,6,0,0
645_2024-04-24,2024,2024-04-24,1,645,6,0,0
645_2024-04-25,2024,2024-04-25,1,645,6,0,0
645_2024-04-26,2024,2024-04-26,1,645,6,0,0
645_2024-04-27,2024,2024-04-27,1,645,6,0,0
645_2024-04-28,2024,2024-04-28,1,645,6,0,0
645_2024-04-29,2024,2024-04-29,1,645,6,0,0
645_2024-04-30,2024,2024-04-30,1,645,6,0,0
645_2024-05-01,2024,2024-05-01,1,645,6,0,0
645_2024-05-02,2024,2024-05-02,1,645,6,0,0
645_2024-05-03,2024,2024-05-03,1,645,6,0,0
645_2024-05-04,2024,2024-05-04,1,645,6,0,0
645_2024-05-05,2024,2024-05-05,1,645,6,0,0
645_2024-05-06,2024,2024-05-06,1,645,6,0,0
645_2024-05-07,2024,2024-05-07,1,645,6,0,0
645_2024-05-08,2024,2024-05-08,1,645,6,0,0
645_2024-05-09,2024,2024-05-09,1,645,6,0,0
645_2024-05-10,2024,2024-05-10,1,645,6,0,0
645_2024-05-11,2024,2024-05-11,1,645,6,0,0
645_2024-05-12,2024,2024-05-12,1,645,6,0,0
645_2024-05-13,2024,2024-05-13,1,645,6,0,0
645_2024-05-14,2024,2024-05-14,1,645,6,0,0
645_2024-05-15,2024,2024-05-15,1,645,6,0,0
645_2024-05-16,2024,2024-05-16,1,645,6,0,0
645_2024-05-17,2024,2024-05-17,1,645,6,0,0
645_2024-05-18,2024,2024-05-18,1,645,6,0,0
645_2024-05-19,2024,2024-05-19,1,645,6,0,0
645_2024-05-21,2024,2024-05-21,1,645,6,0,0
645_2024-05-20,2024,2024-05-20,1,645,6,0,0
645_2024-05-22,2024,2024-05-22,1,645,6,0,0
645_2024-05-23,2024,2024-05-23,1,645,6,0,0
645_2024-05-24,2024,2024-05-24,1,645,6,0,0
645_2024-05-25,2024,2024-05-25,1,645,6,0,0
645_2024-05-26,2024,2024-05-26,1,645,6,0,0
645_2024-05-27,2024,2024-05-27,1,645,6,0,0
645_2024-05-28,2024,2024-05-28,1,645,6,0,0
645_2024-05-29,2024,2024-05-29,1,645,6,0,0
645_2024-05-30,2024,2024-05-30,1,645,6,0,0
645_2024-05-31,2024,2024-05-31,1,645,6,0,0
645_2024-06-01,2024,2024-06-01,1,645,6,0,0
645_2024-06-02,2024,2024-06-02,1,645,6,0,0
645_2024-06-03,2024,2024-06-03,1,645,6,0,0
645_2024-06-04,2024,2024-06-04,1,645,6,0,0
645_2024-06-05,2024,2024-06-05,1,645,6,0,0
645_2024-06-06,2024,2024-06-06,1,645,6,0,0
645_2024-06-07,2024,2024-06-07,1,645,6,0,0
645_2024-06-08,2024,2024-06-08,1,645,6,0,0
645_2024-06-09,2024,2024-06-09,1,645,6,0,0
645_2024-06-10,2024,2024-06-10,1,645,6,0,0
645_2024-06-11,2024,2024-06-11,1,645,6,0,0
645_2024-06-12,2024,2024-06-12,1,645,6,0,0
645_2024-06-13,2024,2024-06-13,1,645,6,0,0
645_2024-06-14,2024,2024-06-14,1,645,6,0,0
645_2024-06-15,2024,2024-06-15,1,645,6,0,0
645_2024-06-16,2024,2024-06-16,1,645,6,0,0
645_2024-06-17,2024,2024-06-17,1,645,6,0,0
645_2024-06-18,2024,2024-06-18,1,645,6,0,0
645_2024-06-19,2024,2024-06-19,1,645,6,0,0
645_2024-06-20,2024,2024-06-20,1,645,6,0,0
645_2024-06-21,2024,2024-06-21,1,645,6,0,0
645_2024-06-22,2024,2024-06-22,1,645,6,0,0
645_2024-06-23,2024,2024-06-23,1,645,6,0,0
645_2024-06-24,2024,2024-06-24,1,645,6,0,0
645_2024-06-25,2024,2024-06-25,1,645,6,0,0
645_2024-06-26,2024,2024-06-26,1,645,6,0,0
645_2024-06-27,2024,2024-06-27,1,645,6,0,0
645_2024-06-28,2024,2024-06-28,1,645,6,0,0
645_2024-06-29,2024,2024-06-29,1,645,6,0,0
645_2024-06-30,2024,2024-06-30,1,645,6,0,0
645_2024-07-01,2024,2024-07-01,1,645,6,0,0
645_2024-07-03,2024,2024-07-03,1,645,6,0,0
645_2024-07-02,2024,2024-07-02,1,645,6,0,0
645_2024-07-04,2024,2024-07-04,1,645,6,0,0
645_2024-07-05,2024,2024-07-05,1,645,6,0,0
645_2024-07-07,2024,2024-07-07,1,645,6,0,0
645_2024-07-06,2024,2024-07-06,1,645,6,0,0
645_2024-07-08,2024,2024-07-08,1,645,6,0,0
645_2024-07-09,2024,2024-07-09,1,645,6,0,0
645_2024-07-10,2024,2024-07-10,1,645,6,0,0
645_2024-07-11,2024,2024-07-11,1,645,6,0,0
645_2024-07-12,2024,2024-07-12,1,645,6,0,0
645_2024-07-13,2024,2024-07-13,1,645,6,0,0
645_2024-07-14,2024,2024-07-14,1,645,6,0,0
645_2024-07-15,2024,2024-07-15,1,645,6,0,0
645_2024-07-16,2024,2024-07-16,1,645,6,0,0
645_2024-07-17,2024,2024-07-17,1,645,6,0,0
645_2024-07-18,2024,2024-07-18,1,645,6,0,0
645_2024-07-19,2024,2024-07-19,1,645,6,0,0
645_2024-07-20,2024,2024-07-20,1,645,6,0,0
645_2024-07-21,2024,2024-07-21,1,645,6,0,0
645_2024-07-22,2024,2024-07-22,1,645,6,0,0
645_2024-07-23,2024,2024-07-23,1,645,6,0,0
645_2024-07-24,2024,2024-07-24,1,645,6,0,0
645_2024-07-25,2024,2024-07-25,1,645,6,0,0
645_2024-07-26,2024,2024-07-26,1,645,6,0,0
645_2024-07-27,2024,2024-07-27,1,645,6,0,0
645_2024-07-28,2024,2024-07-28,1,645,6,0,0
645_2024-07-29,2024,2024-07-29,1,645,6,0,0
645_2024-07-30,2024,2024-07-30,1,645,6,0,0
645_2024-07-31,2024,2024-07-31,1,645,6,0,0
645_2024-08-01,2024,2024-08-01,1,645,6,0,0
645_2024-08-02,2024,2024-08-02,1,645,6,0,0
1069_2024-01-01,2024,2024-01-01,1,1069,6,10236,0
1069_2024-01-02,2024,2024-01-02,1,1069,6,14754,0
1069_2024-01-03,2024,2024-01-03,1,1069,6,15487,0
1069_2024-01-04,2024,2024-01-04,1,1069,6,21586,0
1069_2024-01-05,2024,2024-01-05,1,1069,6,18352,0
1069_2024-01-06,2024,2024-01-06,1,1069,6,10187,0
1069_2024-01-07,2024,2024-01-07,1,1069,6,9476,0
1069_2024-01-08,2024,2024-01-08,1,1069,6,23172,0
1069_2024-01-09,2024,2024-01-09,1,1069,6,19406,0
1069_2024-01-10,2024,2024-01-10,1,1069,6,16808,0
1069_2024-01-11,2024,2024-01-11,1,1069,6,16520,0
1069_2024-01-12,2024,2024-01-12,1,1069,6,26572,0
1069_2024-01-13,2024,2024-01-13,1,1069,6,12750,0
1069_2024-01-14,2024,2024-01-14,1,1069,6,8808,0
1069_2024-01-16,2024,2024-01-16,1,1069,6,22440,0
1069_2024-01-15,2024,2024-01-15,1,1069,6,21211,0
1069_2024-01-17,2024,2024-01-17,1,1069,6,23138,0
1069_2024-01-18,2024,2024-01-18,1,1069,6,17968,0
1069_2024-01-19,2024,2024-01-19,1,1069,6,19996,0
1069_2024-01-20,2024,2024-01-20,1,1069,6,9755,0
1069_2024-01-21,2024,2024-01-21,1,1069,6,10897,0
1069_2024-01-22,2024,2024-01-22,1,1069,6,20940,0
1069_2024-01-23,2024,2024-01-23,1,1069,6,19819,0
1069_2024-01-24,2024,2024-01-24,1,1069,6,23061,0
1069_2024-01-25,2024,2024-01-25,1,1069,6,16993,0
1069_2024-01-26,2024,2024-01-26,1,1069,6,20875,0
1069_2024-01-27,2024,2024-01-27,1,1069,6,13465,0
1069_2024-01-28,2024,2024-01-28,1,1069,6,10301,0
1069_2024-01-29,2024,2024-01-29,1,1069,6,24177,0
1069_2024-01-30,2024,2024-01-30,1,1069,6,17586,0
1069_2024-01-31,2024,2024-01-31,1,1069,6,19936,0
1069_2024-02-01,2024,2024-02-01,1,1069,6,16616,0
1069_2024-02-02,2024,2024-02-02,1,1069,6,21087,0
1069_2024-02-03,2024,2024-02-03,1,1069,6,18025,0
1069_2024-02-04,2024,2024-02-04,1,1069,6,8645,0
1069_2024-02-05,2024,2024-02-05,1,1069,6,17586,0
1069_2024-02-06,2024,2024-02-06,1,1069,6,23799,0
1069_2024-02-07,2024,2024-02-07,1,1069,6,14239,0
1069_2024-02-08,2024,2024-02-08,1,1069,6,16668,0
1069_2024-02-09,2024,2024-02-09,1,1069,6,19695,0
1069_2024-02-10,2024,2024-02-10,1,1069,6,18719,0
1069_2024-02-11,2024,2024-02-11,1,1069,6,9646,0
1069_2024-02-12,2024,2024-02-12,1,1069,6,17470,0
1069_2024-02-13,2024,2024-02-13,1,1069,6,16571,0
1069_2024-02-14,2024,2024-02-14,1,1069,6,26588,0
1069_2024-02-15,2024,2024-02-15,1,1069,6,21469,0
1069_2024-02-16,2024,2024-02-16,1,1069,6,17388,0
1069_2024-02-17,2024,2024-02-17,1,1069,6,10891,0
1069_2024-02-18,2024,2024-02-18,1,1069,6,12907,0
1069_2024-02-19,2024,2024-02-19,1,1069,6,18172,0
1069_2024-02-20,2024,2024-02-20,1,1069,6,18761,0
1069_2024-02-21,2024,2024-02-21,1,1069,6,13454,0
1069_2024-02-22,2024,2024-02-22,1,1069,6,23612,0
1069_2024-02-23,2024,2024-02-23,1,1069,6,21682,0
1069_2024-02-24,2024,2024-02-24,1,1069,6,14965,0
1069_2024-02-25,2024,2024-02-25,1,1069,6,8005,0
1069_2024-02-26,2024,2024-02-26,1,1069,6,24920,0
1069_2024-02-27,2024,2024-02-27,1,1069,6,15051,0
1069_2024-02-28,2024,2024-02-28,1,1069,6,18798,0
1069_2024-02-29,2024,2024-02-29,1,1069,6,18044,0
1069_2024-03-01,2024,2024-03-01,1,1069,6,18774,0
1069_2024-03-02,2024,2024-03-02,1,1069,6,17988,0
1069_2024-03-03,2024,2024-03-03,1,1069,6,11597,0
1069_2024-03-04,2024,2024-03-04,1,1069,6,15968,0
1069_2024-03-05,2024,2024-03-05,1,1069,6,18639,0
1069_2024-03-06,2024,2024-03-06,1,1069,6,21854,0
1069_2024-03-07,2024,2024-03-07,1,1069,6,12633,0
1069_2024-03-08,2024,2024-03-08,1,1069,6,26737,0
1069_2024-03-09,2024,2024-03-09,1,1069,6,14330,0
1069_2024-03-11,2024,2024-03-11,1,1069,6,13543,0
1069_2024-03-12,2024,2024-03-12,1,1069,6,16009,0
1069_2024-03-13,2024,2024-03-13,1,1069,6,21376,0
1069_2024-03-14,2024,2024-03-14,1,1069,6,21278,0
1069_2024-03-15,2024,2024-03-15,1,1069,6,21270,0
1069_2024-03-16,2024,2024-03-16,1,1069,6,14481,0
1069_2024-03-17,2024,2024-03-17,1,1069,6,12145,0
1069_2024-03-18,2024,2024-03-18,1,1069,6,18102,0
1069_2024-03-20,2024,2024-03-20,1,1069,6,21326,0
1069_2024-03-19,2024,2024-03-19,1,1069,6,17316,0
1069_2024-03-21,2024,2024-03-21,1,1069,6,22642,0
1069_2024-03-22,2024,2024-03-22,1,1069,6,18780,0
1069_2024-03-23,2024,2024-03-23,1,1069,6,11397,0
1069_2024-03-24,2024,2024-03-24,1,1069,6,12674,0
1069_2024-03-25,2024,2024-03-25,1,1069,6,17266,0
1069_2024-03-26,2024,2024-03-26,1,1069,6,18756,0
1069_2024-03-27,2024,2024-03-27,1,1069,6,18714,0
1069_2024-03-28,2024,2024-03-28,1,1069,6,9414,0
1069_2024-03-29,2024,2024-03-29,1,1069,6,7537,0
1069_2024-03-30,2024,2024-03-30,1,1069,6,9427,0
1069_2024-03-31,2024,2024-03-31,1,1069,6,7458,0
1069_2024-04-01,2024,2024-04-01,1,1069,6,9614,0
1069_2024-04-02,2024,2024-04-02,1,1069,6,18924,0
1069_2024-04-03,2024,2024-04-03,1,1069,6,12099,0
1069_2024-04-04,2024,2024-04-04,1,1069,6,14777,0
1069_2024-04-05,2024,2024-04-05,1,1069,6,18432,0
1069_2024-04-06,2024,2024-04-06,1,1069,6,13466,0
1069_2024-04-07,2024,2024-04-07,1,1069,6,9540,0
1069_2024-04-08,2024,2024-04-08,1,1069,6,17452,0
1069_2024-04-09,2024,2024-04-09,1,1069,6,20331,0
1069_2024-04-10,2024,2024-04-10,1,1069,6,25924,0
1069_2024-04-11,2024,2024-04-11,1,1069,6,17255,0
1069_2024-04-12,2024,2024-04-12,1,1069,6,21577,0
1069_2024-04-13,2024,2024-04-13,1,1069,6,15621,0
1069_2024-04-14,2024,2024-04-14,1,1069,6,10603,0
1069_2024-04-15,2024,2024-04-15,1,1069,6,17186,0
1069_2024-04-16,2024,2024-04-16,1,1069,6,19348,0
1069_2024-04-17,2024,2024-04-17,1,1069,6,24242,0
1069_2024-04-18,2024,2024-04-18,1,1069,6,18521,0
1069_2024-04-19,2024,2024-04-19,1,1069,6,16420,0
1069_2024-04-20,2024,2024-04-20,1,1069,6,13102,0
1069_2024-04-21,2024,2024-04-21,1,1069,6,17640,0
1069_2024-04-22,2024,2024-04-22,1,1069,6,18847,0
1069_2024-04-23,2024,2024-04-23,1,1069,6,16871,0
1069_2024-04-24,2024,2024-04-24,1,1069,6,13092,0
1069_2024-04-25,2024,2024-04-25,1,1069,6,26447,0
1069_2024-04-26,2024,2024-04-26,1,1069,6,23441,0
1069_2024-04-27,2024,2024-04-27,1,1069,6,11313,0
1069_2024-04-28,2024,2024-04-28,1,1069,6,9927,0
1069_2024-04-29,2024,2024-04-29,1,1069,6,9996,0
1069_2024-04-30,2024,2024-04-30,1,1069,6,12492,0
1069_2024-05-01,2024,2024-05-01,1,1069,6,8829,0
1069_2024-05-02,2024,2024-05-02,1,1069,6,13849,0
1069_2024-05-03,2024,2024-05-03,1,1069,6,21546,0
1069_2024-05-04,2024,2024-05-04,1,1069,6,11888,0
1069_2024-05-05,2024,2024-05-05,1,1069,6,8786,0
1069_2024-05-06,2024,2024-05-06,1,1069,6,24330,0
1069_2024-05-07,2024,2024-05-07,1,1069,6,18408,0
1069_2024-05-08,2024,2024-05-08,1,1069,6,19205,0
1069_2024-05-09,2024,2024-05-09,1,1069,6,13831,0
1069_2024-05-10,2024,2024-05-10,1,1069,6,19041,0
1069_2024-05-11,2024,2024-05-11,1,1069,6,18088,0
1069_2024-05-12,2024,2024-05-12,1,1069,6,10464,0
1069_2024-05-13,2024,2024-05-13,1,1069,6,16282,0
1069_2024-05-14,2024,2024-05-14,1,1069,6,17459,0
1069_2024-05-15,2024,2024-05-15,1,1069,6,23637,0
1069_2024-05-16,2024,2024-05-16,1,1069,6,19917,0
1069_2024-05-17,2024,2024-05-17,1,1069,6,18568,0
1069_2024-05-18,2024,2024-05-18,1,1069,6,12867,0
1069_2024-05-19,2024,2024-05-19,1,1069,6,12380,0
1069_2024-05-20,2024,2024-05-20,1,1069,6,18779,0
1069_2024-05-21,2024,2024-05-21,1,1069,6,16753,0
1069_2024-05-22,2024,2024-05-22,1,1069,6,17288,0
1069_2024-05-23,2024,2024-05-23,1,1069,6,15650,0
1069_2024-05-24,2024,2024-05-24,1,1069,6,26081,0
1069_2024-05-25,2024,2024-05-25,1,1069,6,14834,0
1069_2024-05-26,2024,2024-05-26,1,1069,6,9206,0
1069_2024-05-27,2024,2024-05-27,1,1069,6,16458,0
1069_2024-05-28,2024,2024-05-28,1,1069,6,15713,0
1069_2024-05-29,2024,2024-05-29,1,1069,6,24916,0
1069_2024-05-30,2024,2024-05-30,1,1069,6,23249,0
1069_2024-05-31,2024,2024-05-31,1,1069,6,17337,0
1069_2024-06-01,2024,2024-06-01,1,1069,6,12692,0
1069_2024-06-02,2024,2024-06-02,1,1069,6,9490,0
1069_2024-06-03,2024,2024-06-03,1,1069,6,16757,0
1069_2024-06-04,2024,2024-06-04,1,1069,6,24031,0
1069_2024-06-05,2024,2024-06-05,1,1069,6,18592,0
1069_2024-06-06,2024,2024-06-06,1,1069,6,17590,0
1069_2024-06-07,2024,2024-06-07,1,1069,6,15771,0
1069_2024-06-08,2024,2024-06-08,1,1069,6,11416,0
1069_2024-06-09,2024,2024-06-09,1,1069,6,13831,0
1069_2024-06-10,2024,2024-06-10,1,1069,6,21763,0
1069_2024-06-11,2024,2024-06-11,1,1069,6,18122,0
1069_2024-06-12,2024,2024-06-12,1,1069,6,15329,0
1069_2024-06-13,2024,2024-06-13,1,1069,6,17641,0
1069_2024-06-14,2024,2024-06-14,1,1069,6,24537,0
1069_2024-06-15,2024,2024-06-15,1,1069,6,16906,0
1069_2024-06-16,2024,2024-06-16,1,1069,6,10441,0
1069_2024-06-17,2024,2024-06-17,1,1069,6,15375,0
1069_2024-06-18,2024,2024-06-18,1,1069,6,16514,0
1069_2024-06-19,2024,2024-06-19,1,1069,6,23377,0
1069_2024-06-20,2024,2024-06-20,1,1069,6,24396,0
1069_2024-06-21,2024,2024-06-21,1,1069,6,17611,0
1069_2024-06-22,2024,2024-06-22,1,1069,6,10831,0
1069_2024-06-23,2024,2024-06-23,1,1069,6,8849,0
1069_2024-06-24,2024,2024-06-24,1,1069,6,17067,0
1069_2024-06-25,2024,2024-06-25,1,1069,6,16151,0
1069_2024-06-26,2024,2024-06-26,1,1069,6,17311,0
1069_2024-06-27,2024,2024-06-27,1,1069,6,19201,0
1069_2024-06-28,2024,2024-06-28,1,1069,6,26616,0
1069_2024-06-29,2024,2024-06-29,1,1069,6,11730,0
1069_2024-06-30,2024,2024-06-30,1,1069,6,9505,0
1069_2024-07-01,2024,2024-07-01,1,1069,6,17471,0
1069_2024-07-02,2024,2024-07-02,1,1069,6,17139,0
1069_2024-07-03,2024,2024-07-03,1,1069,6,16084,0
1069_2024-07-04,2024,2024-07-04,1,1069,6,16341,0
1069_2024-07-05,2024,2024-07-05,1,1069,6,17052,0
1069_2024-07-06,2024,2024-07-06,1,1069,6,10495,0
1069_2024-07-07,2024,2024-07-07,1,1069,6,8788,0
1069_2024-07-08,2024,2024-07-08,1,1069,6,17639,0
1069_2024-07-09,2024,2024-07-09,1,1069,6,16692,0
1069_2024-07-10,2024,2024-07-10,1,1069,6,26010,0
1069_2024-07-11,2024,2024-07-11,1,1069,6,18606,0
1069_2024-07-12,2024,2024-07-12,1,1069,6,17199,0
1069_2024-07-13,2024,2024-07-13,1,1069,6,12361,0
1069_2024-07-14,2024,2024-07-14,1,1069,6,10289,0
1069_2024-07-15,2024,2024-07-15,1,1069,6,18660,0
1069_2024-07-16,2024,2024-07-16,1,1069,6,16361,0
1069_2024-07-17,2024,2024-07-17,1,1069,6,15739,0
1069_2024-07-18,2024,2024-07-18,1,1069,6,16931,0
1069_2024-07-19,2024,2024-07-19,1,1069,6,18457,0
1069_2024-07-20,2024,2024-07-20,1,1069,6,12149,0
1069_2024-07-21,2024,2024-07-21,1,1069,6,9027,0
1069_2024-07-22,2024,2024-07-22,1,1069,6,16327,0
1069_2024-07-23,2024,2024-07-23,1,1069,6,17836,0
1069_2024-07-24,2024,2024-07-24,1,1069,6,18888,0
1069_2024-07-25,2024,2024-07-25,1,1069,6,5782,0
1069_2024-07-26,2024,2024-07-26,1,1069,6,13127,0
1069_2024-07-27,2024,2024-07-27,1,1069,6,8242,0
1069_2024-07-28,2024,2024-07-28,1,1069,6,8226,0
1069_2024-07-29,2024,2024-07-29,1,1069,6,16677,0
1069_2024-07-30,2024,2024-07-30,1,1069,6,20462,0
1069_2024-07-31,2024,2024-07-31,1,1069,6,13461,0
1069_2024-08-01,2024,2024-08-01,1,1069,6,17157,0
1069_2024-08-02,2024,2024-08-02,1,1069,6,17082,0
645_2024-08-03,2024,2024-08-03,1,645,6,0,0
1069_2024-08-03,2024,2024-08-03,1,1069,6,8373,0
55_2024-01-27,2024,2024-01-27,2,55,5,1254,4.461538461538462
56_2024-04-27,2024,2024-04-27,2,56,5,2303,14.5
645_2024-08-04,2024,2024-08-04,2,645,6,0,0
645_2024-08-06,2024,2024-08-06,2,645,6,0,0
645_2024-08-05,2024,2024-08-05,2,645,6,0,0
645_2024-08-07,2024,2024-08-07,2,645,6,0,0
1069_2024-08-05,2024,2024-08-05,2,1069,6,4360,0
1069_2024-08-04,2024,2024-08-04,2,1069,6,3917,0
1069_2024-08-06,2024,2024-08-06,2,1069,6,6565,0
1069_2024-08-07,2024,2024-08-07,2,1069,6,83,0
